subject,clip,emotion,aus,n_frame,lebar,tinggi,bright_mean,bright_std,contrast_mean,energi_max,energi_mean,gerak_sesaat,border_max,center_max,end_over_peak,e_argmax_raw,e_argmax_nolight,e_argmax_center,e_argmax_center_nolight,e_cross80,e_cross90,e_cross95
sub01,EP02_01f,happiness,12,41,0,0,137.1092987060547,0.06691339612007141,32.831443786621094,1.35546875,0.9447885155677795,0.42729490995407104,1.1205357313156128,1.625,1.0,1.0,1.0,1.0,1.0,0.65,0.85,0.925
sub01,EP03_02,others,18,31,0,0,133.7094268798828,0.10583705455064774,29.995288848876953,0.9013671875,0.7318548560142517,0.4500976502895355,0.7299107313156128,0.89453125,0.8829902410507202,0.5666666666666667,0.5666666666666667,0.5666666666666667,0.5666666666666667,0.3,0.43333333333333335,0.5
sub01,EP04_02,others,4,56,0,0,137.56045532226562,0.08065181225538254,35.13821029663086,2.2529296875,1.6686488389968872,0.43748223781585693,2.2700893878936768,2.46484375,0.9852622747421265,0.9090909090909091,0.9636363636363636,0.8727272727272727,0.9636363636363636,0.41818181818181815,0.509090909090909,0.5636363636363636
sub01,EP04_03,others,4,26,0,0,139.19325256347656,0.24834825098514557,34.68986511230469,0.71875,0.5831956267356873,0.43839845061302185,0.6696428656578064,0.75390625,0.9932065010070801,0.96,0.96,0.88,0.88,0.4,0.64,0.72
sub01,EP04_04,others,4,44,0,0,137.35845947265625,0.08192189037799835,35.24620819091797,2.1923828125,1.5390846729278564,0.4397710859775543,2.220982074737549,2.25390625,0.9879732728004456,0.9302325581395349,0.813953488372093,0.9534883720930233,0.9534883720930233,0.5116279069767442,0.627906976744186,0.6976744186046512
sub01,EP19_01,others,4,41,0,0,134.0302734375,0.050892435014247894,32.03812026977539,2.24609375,1.234779953956604,0.42827147245407104,1.8169642686843872,2.734375,1.0,1.0,1.0,1.0,1.0,0.8,0.9,0.95
sub01,EP19_03f,others,4,81,0,0,132.377685546875,0.07309173792600632,31.548755645751953,0.91015625,0.740680456161499,0.41705322265625,0.8125,1.09375,0.8401287794113159,0.8125,0.75,0.7625,0.7625,0.15,0.1875,0.225
sub01,EP19_05f,disgust,4+L10,51,0,0,134.38369750976562,0.10059165209531784,31.73678207397461,1.240234375,0.929323673248291,0.4435156285762787,0.9709821343421936,1.6640625,0.995275616645813,0.98,1.0,0.98,0.96,0.34,0.46,0.96
sub01,EP19_06f,disgust,4+5+L10,126,0,0,134.37644958496094,0.2254803478717804,31.236858367919922,2.8623046875,2.2618350982666016,0.4339062571525574,2.1495535373687744,3.89453125,0.5609006881713867,0.552,0.552,0.544,0.616,0.208,0.272,0.328
sub02,EP01_11f,repression,15,51,0,0,110.11927795410156,0.4224022626876831,39.57257080078125,2.1787109375,1.7187882661819458,0.8108789324760437,1.7611607313156128,2.8046875,0.876288652420044,0.42,0.46,0.42,0.42,0.22,0.3,0.38
sub02,EP02_04f,repression,12+15,111,0,0,116.04649353027344,0.7630165815353394,39.42117691040039,5.5703125,2.938758134841919,1.4509233236312866,3.294642925262451,7.265625,1.0,1.0,1.0,1.0,1.0,0.9,0.9454545454545454,0.9818181818181818
sub02,EP03_02f,repression,15,121,0,0,109.69159698486328,0.77260822057724,40.27454376220703,4.2001953125,3.1024906635284424,1.511621117591858,3.017857074737549,4.7890625,0.830969512462616,0.5916666666666667,0.5916666666666667,0.5416666666666666,0.55,0.375,0.49166666666666664,0.525
sub02,EP06_01f,repression,14,100,0,0,113.53672790527344,0.7971665859222412,40.92033767700195,3.2568359375,2.327275276184082,1.387645959854126,2.5982143878936768,3.73828125,0.9325337409973145,0.7676767676767676,0.7676767676767676,1.0,0.98989898989899,0.46464646464646464,0.5454545454545454,0.6060606060606061
sub02,EP06_02f,repression,14,76,0,0,113.12334442138672,0.8349058032035828,41.65762710571289,5.4501953125,3.273733139038086,1.576015591621399,2.953125,6.0546875,0.957176148891449,0.9866666666666667,1.0,1.0,1.0,0.7733333333333333,0.8533333333333334,0.9333333333333333
sub02,EP08_04,others,14,91,0,0,108.37706756591797,0.9292450547218323,40.15052795410156,2.51171875,1.7377125024795532,1.7930121421813965,1.8191964626312256,3.14453125,0.6018662452697754,0.5222222222222223,0.6111111111111112,0.43333333333333335,0.5444444444444444,0.23333333333333334,0.32222222222222224,0.3888888888888889
sub02,EP09_01,happiness,1+12,100,0,0,108.04236602783203,0.734015703201294,43.0669059753418,3.2021484375,2.294570207595825,1.4479068517684937,2.314732074737549,3.98828125,1.0,1.0,1.0,1.0,1.0,0.29292929292929293,0.696969696969697,0.8585858585858586
sub02,EP09_06f,others,4,141,0,0,111.12521362304688,0.6619576811790466,43.07108688354492,4.0947265625,3.1623449325561523,1.3278180360794067,4.426339149475098,4.26171875,0.8251848220825195,0.6928571428571428,0.6642857142857143,0.7071428571428572,0.7071428571428572,0.40714285714285714,0.5071428571428571,0.5785714285714286
sub02,EP09_10,others,17,41,0,0,113.7098159790039,0.6237837672233582,40.92853927612305,1.9794921875,1.2375428676605225,1.268774390220642,1.9553571939468384,2.265625,0.6665022373199463,0.975,0.975,0.975,0.975,0.475,0.825,0.975
sub02,EP11_01,surprise,1+L2,91,0,0,112.15434265136719,0.8754874467849731,41.0916633605957,3.203125,2.2545502185821533,1.7525064945220947,2.736607074737549,3.109375,0.6039634346961975,0.4777777777777778,0.5,0.9666666666666667,0.5444444444444444,0.2777777777777778,0.34444444444444444,0.3888888888888889
sub02,EP13_04,surprise,1,56,0,0,110.83229064941406,0.4872555434703827,41.37726593017578,1.984375,1.4598039388656616,1.011292576789856,1.7700892686843872,1.94921875,0.8100393414497375,0.5636363636363636,0.5636363636363636,0.6727272727272727,0.9272727272727272,0.2727272727272727,0.34545454545454546,0.4909090909090909
sub02,EP14_01,surprise,1+L2,46,0,0,100.80169677734375,0.17592853307724,38.80864715576172,2.1064453125,1.4166313409805298,0.49802517890930176,2.0044643878936768,1.7890625,0.8414464592933655,0.8222222222222222,0.8444444444444444,0.8444444444444444,0.8444444444444444,0.4666666666666667,0.5111111111111111,0.6
sub02,EP15_04,others,17,71,0,0,110.18619537353516,0.49800872802734375,41.210113525390625,2.2470703125,1.4562747478485107,1.0102818012237549,2.1808035373687744,2.13671875,0.49152541160583496,0.5857142857142857,0.5857142857142857,0.5857142857142857,0.5857142857142857,0.32857142857142857,0.44285714285714284,0.5
sub03,EP01_2,surprise,1,41,0,0,76.8545150756836,0.1513899266719818,26.48708152770996,1.5283203125,0.9875428676605225,0.41350096464157104,1.3861607313156128,1.95703125,1.0,1.0,1.0,1.0,1.0,0.75,0.9,0.95
sub03,EP07_03,others,4,61,0,0,79.85301971435547,0.07157187163829803,26.786134719848633,6.1162109375,3.645780086517334,0.397705078125,4.2879462242126465,8.7109375,1.0,1.0,1.0,1.0,1.0,0.65,0.8166666666666667,0.9166666666666666
sub03,EP07_04,disgust,4+L10,86,0,0,79.08845520019531,0.04732315242290497,26.761409759521484,2.00390625,1.4194222688674927,0.3720932900905609,1.4040178060531616,2.71875,0.9010721445083618,0.7411764705882353,0.7411764705882353,0.7411764705882353,0.7411764705882353,0.4588235294117647,0.611764705882353,0.6823529411764706
sub03,EP08_1,others,4,81,0,0,75.59053039550781,0.1218317449092865,29.641855239868164,2.0654296875,1.5444637537002563,0.39177244901657104,1.4419642686843872,2.94140625,0.9446808695793152,0.5625,0.5625,0.5625,0.95,0.3875,0.4375,0.4875
sub03,EP09_03,disgust,4+9,61,0,0,80.19534301757812,0.11510010808706284,27.600744247436523,1.9765625,0.8766970038414001,0.4192871153354645,1.4933035373687744,2.69140625,0.9906126260757446,0.9833333333333333,0.9833333333333333,1.0,1.0,0.85,0.95,0.9833333333333333
sub03,EP18_06,disgust,4+7,101,0,0,82.08473205566406,0.0847199410200119,27.886167526245117,4.0693359375,3.133798837661743,0.3859570324420929,2.640625,5.859375,0.9133669137954712,0.54,0.54,0.56,0.56,0.33,0.39,0.44
sub03,EP19_08,disgust,4+7+9,41,0,0,82.4952392578125,0.0806552991271019,27.797075271606445,3.76953125,2.266792058944702,0.3870605528354645,2.392857074737549,5.53515625,1.0,1.0,1.0,1.0,1.0,0.675,0.8,0.9
sub04,EP12_01f,disgust,4+7,61,0,0,110.28584289550781,0.05843942239880562,42.554351806640625,2.169921875,1.391505479812622,0.42631834745407104,2.21875,2.0546875,0.9437443614006042,0.9,0.8833333333333333,0.9,0.9,0.6333333333333333,0.7,0.75
sub04,EP12_02f,disgust,4+L9+14,51,0,0,107.8874282836914,0.27556583285331726,42.00111389160156,3.3515625,2.0982306003570557,0.4369531273841858,2.267857074737549,4.33984375,1.0,0.92,0.9,0.86,0.86,0.58,0.68,0.78
sub04,EP13_02f,others,4,61,0,0,114.45217895507812,0.14386466145515442,44.547489166259766,2.271484375,1.6377273797988892,0.40361326932907104,2.3191964626312256,2.58984375,0.9819432497024536,0.7,0.7,0.9666666666666667,0.9666666666666667,0.45,0.5333333333333333,0.5833333333333334
sub04,EP13_06f,disgust,4+6+7,91,0,0,112.09150695800781,0.21182101964950562,42.763484954833984,3.1982421875,2.1843342781066895,0.43454861640930176,3.1004464626312256,3.15234375,0.5196946859359741,0.45555555555555555,0.45555555555555555,0.45555555555555555,0.45555555555555555,0.3,0.35555555555555557,0.37777777777777777
sub04,EP19_01f,others,4,36,0,0,110.45877075195312,0.05179930850863457,42.36493682861328,1.3662109375,0.84033203125,0.42653459310531616,1.2075892686843872,1.75390625,1.0,1.0,1.0,1.0,1.0,0.8285714285714286,0.9142857142857143,0.9714285714285714
sub05,EP02_07,surprise,1+2,66,0,0,85.28944396972656,0.23103807866573334,31.896217346191406,2.6474609375,1.9606119394302368,0.41912558674812317,3.671875,1.328125,0.6938399076461792,0.4461538461538462,0.46153846153846156,0.6,0.46153846153846156,0.3076923076923077,0.35384615384615387,0.38461538461538464
sub05,EP03_01,happiness,14,61,0,0,86.59886932373047,0.3297894597053528,31.94325065612793,1.107421875,0.8301742076873779,0.733642578125,1.2008928060531616,1.01171875,0.7980599403381348,0.9833333333333333,0.55,0.7833333333333333,0.65,0.35,0.4166666666666667,0.5166666666666667
sub05,EP03_06,surprise,1,51,0,0,89.57147979736328,0.4009770452976227,32.30328369140625,2.2529296875,1.7173904180526733,0.6684179902076721,2.404017925262451,2.4453125,0.9601213932037354,0.8,0.78,0.94,0.96,0.42,0.52,0.62
sub05,EP03_07,others,4,43,0,0,89.19615173339844,0.0871233344078064,33.56828689575195,1.205078125,0.9447901248931885,0.433896005153656,1.3348214626312256,1.15234375,0.8047001361846924,0.6428571428571429,0.6428571428571429,0.7857142857142857,0.7857142857142857,0.30952380952380953,0.40476190476190477,0.5
sub05,EP04_05,surprise,1,51,0,0,84.78301239013672,0.294779509305954,31.916379928588867,1.8681640625,1.2757352590560913,0.6640820503234863,2.1941964626312256,1.2734375,0.4417145848274231,0.5,0.48,0.5,0.5,0.3,0.34,0.38
sub05,EP04_06,surprise,L2+12,86,0,0,84.60063171386719,0.31687167286872864,31.769628524780273,2.4609375,1.917855143547058,0.6536190509796143,3.125,1.51953125,0.898809552192688,0.6352941176470588,0.6588235294117647,0.9647058823529412,0.9647058823529412,0.35294117647058826,0.47058823529411764,0.5411764705882353
sub05,EP05_03,others,?,91,0,0,85.65806579589844,0.2578204572200775,30.92469024658203,2.876953125,1.6548978090286255,0.5794487595558167,2.591517925262451,3.48046875,1.0,1.0,1.0,0.9888888888888889,1.0,0.7888888888888889,0.9,0.9555555555555556
sub05,EP05_09,others,15,88,0,0,84.2723159790039,0.23379966616630554,31.245141983032227,2.68359375,1.9731334447860718,0.4428991675376892,2.794642925262451,2.33203125,0.8970159888267517,0.6091954022988506,0.6091954022988506,0.8505747126436781,0.5862068965517241,0.40229885057471265,0.47126436781609193,0.5172413793103449
sub05,EP06_10,others,4,52,0,0,92.05895233154297,0.35727065801620483,33.43000793457031,3.94140625,2.967153787612915,0.7579656839370728,2.5513393878936768,3.7890625,0.8885034918785095,0.6078431372549019,0.5294117647058824,0.5294117647058824,0.5294117647058824,0.29411764705882354,0.37254901960784315,0.45098039215686275
sub05,EP07_01,others,?,58,0,0,91.04582977294922,0.44934314489364624,33.484867095947266,3.923828125,2.9422144889831543,0.47385552525520325,3.8370535373687744,2.84375,0.6888999342918396,0.24561403508771928,0.24561403508771928,0.3508771929824561,0.3333333333333333,0.12280701754385964,0.15789473684210525,0.17543859649122806
sub05,EP08_05,others,4,66,0,0,85.20460510253906,0.13294769823551178,31.969663619995117,1.3466796875,0.977598249912262,0.4649489223957062,1.6584821939468384,1.06640625,1.0,1.0,1.0,0.5692307692307692,0.9692307692307692,0.4153846153846154,0.47692307692307695,0.5384615384615384
sub05,EP09_05f,disgust,R2+15,55,0,0,89.11592864990234,0.2029850035905838,31.260974884033203,5.599609375,3.1347832679748535,0.5255352854728699,5.1495537757873535,6.66796875,1.0,1.0,1.0,1.0,1.0,0.7222222222222222,0.8703703703703703,0.9259259259259259
sub05,EP12_03f,surprise,25,51,0,0,86.10690307617188,0.3496015667915344,30.988983154296875,2.46484375,1.7237859964370728,0.72021484375,2.377232074737549,2.33984375,0.5978605151176453,0.54,0.54,0.54,0.44,0.3,0.34,0.38
sub05,EP12_06,others,17,76,0,0,84.92799377441406,0.2912954092025757,31.259614944458008,1.130859375,0.8605571389198303,0.66524738073349,1.1607142686843872,0.890625,0.7504317760467529,0.25333333333333335,0.25333333333333335,0.25333333333333335,0.25333333333333335,0.12,0.14666666666666667,0.17333333333333334
sub05,EP13_04f,others,?,76,0,0,86.1238784790039,0.24941691756248474,29.86346435546875,3.951171875,2.6875641345977783,0.5610547065734863,3.1651785373687744,3.66015625,0.7644587159156799,0.29333333333333333,0.29333333333333333,0.4266666666666667,0.4266666666666667,0.2,0.24,0.26666666666666666
sub05,EP13_06,others,4,61,0,0,85.41089630126953,0.3358972668647766,30.697078704833984,3.78125,2.937948226928711,0.6336914300918579,3.734375,2.1328125,0.610020637512207,0.48333333333333334,0.48333333333333334,0.43333333333333335,0.43333333333333335,0.21666666666666667,0.2833333333333333,0.35
sub05,EP16_03f,others,4,100,0,0,86.34379577636719,0.32668089866638184,32.63490295410156,1.896484375,1.4389941692352295,0.7169152498245239,2.0982143878936768,1.9609375,0.863027811050415,0.7777777777777778,0.8383838383838383,0.7777777777777778,0.8484848484848485,0.29292929292929293,0.6565656565656566,0.7373737373737373
sub05,EP16_04f,others,4,41,0,0,86.31766510009766,0.318499356508255,33.13066864013672,1.7197265625,1.049876093864441,0.7164306640625,1.9933035373687744,1.15234375,0.8341851234436035,0.975,0.975,0.975,0.875,0.675,0.875,0.925
sub05,EP19_03,others,4,53,0,0,87.88347625732422,0.06775916367769241,34.299781799316406,1.3896484375,1.1575766801834106,0.4094613790512085,1.7700892686843872,1.2578125,0.9592410326004028,0.7307692307692307,0.7307692307692307,0.9423076923076923,0.9230769230769231,0.2692307692307692,0.34615384615384615,0.46153846153846156
sub06,EP01_01,happiness,L14+L15,56,0,0,103.95917510986328,0.0759357288479805,38.935977935791016,1.7470703125,1.0232456922531128,0.4044211506843567,1.5513392686843872,1.9296875,1.0,1.0,1.0,1.0,1.0,0.8545454545454545,0.9272727272727272,0.9818181818181818
sub06,EP02_31,surprise,L2+26+38,50,0,0,94.87680053710938,0.33538392186164856,34.045257568359375,2.2900390625,1.555507779121399,0.4193837642669678,2.3683035373687744,1.91015625,0.8439232707023621,0.673469387755102,0.6530612244897959,0.8571428571428571,0.7142857142857143,0.46938775510204084,0.5102040816326531,0.5510204081632653
sub06,EP10_08,others,4,46,0,0,95.29695892333984,0.087796650826931,34.5200080871582,0.873046875,0.697860062122345,0.40312498807907104,0.8549107313156128,0.90625,0.8590604066848755,0.4,0.4666666666666667,0.8888888888888888,0.9333333333333333,0.24444444444444444,0.3333333333333333,0.37777777777777777
sub06,EP15_02,surprise,R1+R2,51,0,0,102.3141860961914,0.09621641784906387,38.061668395996094,1.3515625,1.1162109375,0.4085937440395355,1.4620535373687744,1.52734375,0.986994206905365,0.58,0.58,1.0,1.0,0.24,0.3,0.36
sub06,EP16_05,disgust,L10,58,0,0,96.27493286132812,0.12820562720298767,35.213584899902344,1.9013671875,1.0797581672668457,0.4018126428127289,1.4799107313156128,2.39453125,1.0,1.0,1.0,1.0,0.9824561403508771,0.8245614035087719,0.8947368421052632,0.9649122807017544
sub07,EP01_01,disgust,4+R10,78,0,0,105.41825866699219,0.06340508162975311,41.53978729248047,1.5322265625,1.0435822010040283,0.40417003631591797,1.765625,1.0546875,0.7138304710388184,0.37662337662337664,0.37662337662337664,0.36363636363636365,0.37662337662337664,0.24675324675324675,0.2857142857142857,0.3116883116883117
sub07,EP03_04,others,R4,66,0,0,90.61051177978516,0.1195349395275116,37.811126708984375,1.4697265625,1.0262635946273804,0.4078275263309479,1.1808035373687744,1.265625,0.9069767594337463,0.7538461538461538,0.7538461538461538,0.7230769230769231,0.6615384615384615,0.47692307692307695,0.5076923076923077,0.5692307692307692
sub07,EP06_01,others,4+38,54,0,0,104.4725112915039,0.07244805246591568,40.792205810546875,1.501953125,1.1097005605697632,0.39436542987823486,1.484375,1.6015625,0.7392717599868774,0.6037735849056604,0.6037735849056604,0.6226415094339622,0.6226415094339622,0.37735849056603776,0.4528301886792453,0.49056603773584906
sub07,EP06_02_01,disgust,4+R10,81,0,0,103.94386291503906,0.2333483248949051,42.34434509277344,1.4775390625,0.9536795616149902,0.38856202363967896,1.8191964626312256,1.04296875,0.7818902730941772,0.675,0.7,0.675,0.675,0.525,0.575,0.625
sub07,EP06_02_02,disgust,4+R10,56,0,0,104.51631927490234,0.1568538099527359,41.62592315673828,2.4580078125,1.7538015842437744,0.4341619312763214,1.7477678060531616,1.83984375,0.5975367426872253,0.41818181818181815,0.41818181818181815,0.2909090909090909,0.38181818181818183,0.21818181818181817,0.2545454545454545,0.3090909090909091
sub07,EP08_02,disgust,R4+R10,51,0,0,93.09490203857422,0.06631317734718323,37.846187591552734,1.3212890625,1.0010532140731812,0.3650781214237213,1.2299107313156128,1.109375,0.7716186046600342,0.62,0.62,0.62,0.62,0.38,0.46,0.52
sub07,EP15_01,disgust,R10,56,0,0,95.74040985107422,0.08199451863765717,38.0126953125,1.2646484375,0.94140625,0.3853870630264282,1.0357142686843872,1.78515625,0.96138995885849,0.509090909090909,0.509090909090909,0.509090909090909,0.509090909090909,0.41818181818181815,0.45454545454545453,0.4727272727272727
sub07,EP18_01,others,R14,46,0,0,99.74409484863281,0.08414072543382645,41.743377685546875,0.990234375,0.7755604386329651,0.4046224057674408,0.7611607313156128,0.9609375,0.7130177617073059,0.4888888888888889,0.4888888888888889,0.4888888888888889,0.4888888888888889,0.2222222222222222,0.35555555555555557,0.37777777777777777
sub07,EP18_03,others,7,86,0,0,100.34744262695312,0.1883295625448227,41.34286880493164,1.09765625,0.8373342156410217,0.38292738795280457,1.0803571939468384,1.15234375,0.982206404209137,0.9647058823529412,1.0,0.9411764705882353,0.9294117647058824,0.38823529411764707,0.7529411764705882,0.8705882352941177
sub08,EP12_07f,others,4,93,0,0,71.0943832397461,0.1305759996175766,35.47511291503906,2.005859375,1.4351478815078735,0.37746262550354004,2.015625,1.91796875,0.894839346408844,0.6086956521739131,0.6086956521739131,0.9782608695652174,0.9782608695652174,0.40217391304347827,0.5,0.5543478260869565
sub08,EP12_08f,others,4,100,0,0,71.09778594970703,0.11888737231492996,35.01300811767578,2.080078125,1.4105956554412842,0.37382614612579346,1.7767857313156128,2.515625,0.6737089157104492,0.6363636363636364,0.6565656565656566,0.5757575757575758,0.6565656565656566,0.45454545454545453,0.5454545454545454,0.5757575757575758
sub08,EP13_01f,repression,15+17,78,0,0,71.55948638916016,0.13241948187351227,34.36650466918945,3.77734375,2.1869115829467773,0.3850066065788269,2.7901785373687744,4.8046875,0.9919854998588562,0.987012987012987,0.987012987012987,0.974025974025974,0.922077922077922,0.6753246753246753,0.7662337662337663,0.8311688311688312
sub09,EP02_01f,happiness,L12,71,0,0,115.91671752929688,0.16197527945041656,31.268049240112305,1.6572265625,1.2530534267425537,0.4565708637237549,1.2723214626312256,1.890625,0.8020035624504089,0.44285714285714284,0.45714285714285713,0.44285714285714284,0.42857142857142855,0.32857142857142857,0.35714285714285715,0.38571428571428573
sub09,EP05_02,others,4+7,131,0,0,108.29736328125,0.05080624297261238,31.61712074279785,2.044921875,1.475735068321228,0.4447415769100189,1.7544642686843872,2.1328125,0.5310410857200623,0.5461538461538461,0.5461538461538461,0.6230769230769231,0.6230769230769231,0.3384615384615385,0.4230769230769231,0.46923076923076923
sub09,EP05_03,others,4+7,66,0,0,109.4275894165039,0.06829767674207687,30.89364242553711,1.2626953125,0.9480942487716675,0.4466346204280853,1.15625,1.32421875,0.9899458885192871,0.9846153846153847,0.9846153846153847,0.9846153846153847,0.9846153846153847,0.5538461538461539,0.7076923076923077,0.8
sub09,EP05_05,happiness,L12,51,0,0,109.84566497802734,0.06783901154994965,30.778398513793945,1.166015625,0.7206839919090271,0.45515623688697815,1.0625,1.21484375,1.0,1.0,1.0,1.0,1.0,0.9,0.96,1.0
sub09,EP06_01f,repression,15,121,0,0,117.2401351928711,0.33520251512527466,31.564817428588867,3.427734375,1.9519386291503906,0.46969401836395264,2.3861606121063232,3.76953125,1.0,1.0,1.0,0.7333333333333333,0.7416666666666667,0.5916666666666667,0.9916666666666667,1.0
sub09,EP06_02f,happiness,12+15,96,0,0,114.94710540771484,0.2309102565050125,33.15275192260742,4.3486328125,3.2590739727020264,0.4655633270740509,2.7879464626312256,4.16015625,0.7132270336151123,0.6105263157894737,0.631578947368421,0.631578947368421,0.631578947368421,0.3368421052631579,0.3894736842105263,0.45263157894736844
sub09,EP09_04,repression,15+17,121,0,0,118.05272674560547,0.1920178085565567,32.670684814453125,2.7587890625,2.050668239593506,0.46070149540901184,2.4598214626312256,2.60546875,1.0,1.0,1.0,1.0,1.0,0.3416666666666667,0.45,1.0
sub09,EP09_05,repression,15,86,0,0,119.09495544433594,0.19887912273406982,35.24747848510742,2.5048828125,2.0536201000213623,0.460489422082901,1.4285714626312256,2.453125,0.6249512434005737,0.5411764705882353,0.5411764705882353,0.6941176470588235,0.6941176470588235,0.24705882352941178,0.32941176470588235,0.3764705882352941
sub09,EP09f,happiness,15,61,0,0,120.39408111572266,0.17258934676647186,33.64576721191406,5.9013671875,4.167328357696533,0.49321287870407104,4.421875,5.21484375,0.7699818015098572,0.6333333333333333,0.6333333333333333,0.6666666666666666,0.6666666666666666,0.4166666666666667,0.5,0.55
sub09,EP13_01,repression,17,91,0,0,115.91706848144531,0.28554901480674744,32.37856674194336,2.8759765625,2.0491178035736084,0.47936198115348816,1.9933035373687744,2.57421875,0.7320882678031921,0.23333333333333334,0.23333333333333334,0.9,0.9,0.12222222222222222,0.15555555555555556,0.17777777777777778
sub09,EP15_05,happiness,L12,56,0,0,115.88694763183594,0.36022135615348816,32.15365219116211,3.19921875,2.2695834636688232,0.46365413069725037,1.9575892686843872,2.7578125,0.9917582273483276,0.9272727272727272,1.0,0.7090909090909091,0.7090909090909091,0.4909090909090909,0.5818181818181818,0.6727272727272727
sub09,EP17_08,repression,17,71,0,0,117.44546508789062,0.10053478181362152,33.52752685546875,3.900390625,2.270906686782837,0.4424944221973419,3.1138393878936768,4.71875,1.0,1.0,1.0,1.0,0.9857142857142858,0.7428571428571429,0.8571428571428571,0.9285714285714286
sub09,EP18_03,others,4+7,71,0,0,110.42408752441406,0.14016586542129517,31.557748794555664,0.9404296875,0.7358604669570923,0.45199498534202576,1.0357142686843872,0.72265625,0.7154724597930908,0.44285714285714284,0.44285714285714284,0.9285714285714286,0.7857142857142857,0.18571428571428572,0.24285714285714285,0.3
sub10,EP06_01f,others,4,91,0,0,89.4535140991211,0.10410095006227493,26.554746627807617,1.63671875,1.2061083316802979,0.48949652910232544,1.5714285373687744,1.57421875,0.8747016787528992,0.4777777777777778,0.4777777777777778,0.9888888888888889,0.9888888888888889,0.34444444444444444,0.4111111111111111,0.4444444444444444
sub10,EP08_01f,others,4,66,0,0,90.62679290771484,0.4247480034828186,26.816896438598633,1.275390625,0.9603012800216675,0.5948618054389954,1.3816964626312256,1.421875,0.8943338394165039,0.2153846153846154,1.0,1.0,1.0,0.2,0.2153846153846154,0.2153846153846154
sub10,EP10_01f,others,4,61,0,0,91.27877044677734,0.4456596076488495,27.11649513244629,1.84375,0.9098200798034668,0.567431628704071,1.7611607313156128,1.8984375,0.7367584705352783,0.9166666666666666,0.9166666666666666,0.9166666666666666,0.9333333333333333,0.9166666666666666,0.9166666666666666,0.9166666666666666
sub10,EP11_01,others,4,71,0,0,87.88593292236328,0.22445781528949738,26.044830322265625,11.0048828125,3.852635383605957,0.5688755512237549,8.276785850524902,13.0625,1.0,1.0,1.0,1.0,1.0,0.9142857142857143,0.9571428571428572,0.9857142857142858
sub10,EP11_01f,others,4,56,0,0,89.95655822753906,0.1406453400850296,27.092411041259766,1.306640625,1.0165492296218872,0.4767223000526428,1.2276785373687744,1.41015625,0.9155455827713013,0.5818181818181818,0.45454545454545453,1.0,1.0,0.34545454545454546,0.4,0.43636363636363634
sub10,EP12_02f,others,4,61,0,0,88.49647521972656,0.38997572660446167,26.562175750732422,1.455078125,0.9054655432701111,0.4995279908180237,1.4665178060531616,1.35546875,0.936241626739502,0.85,0.45,0.85,0.5833333333333334,0.85,0.85,0.85
sub10,EP12_03f,others,4,86,0,0,87.73606872558594,0.10540337860584259,27.112119674682617,1.14453125,0.9430527687072754,0.46326977014541626,1.2790178060531616,0.66015625,0.7670648694038391,0.7294117647058823,0.7294117647058823,0.8352941176470589,0.5529411764705883,0.2823529411764706,0.4235294117647059,0.4823529411764706
sub10,EP12_04,others,4,86,0,0,84.8188247680664,0.7796055674552917,26.57258415222168,2.52734375,1.712720274925232,0.4951976239681244,2.408482074737549,2.09765625,0.526275098323822,0.49411764705882355,0.4235294117647059,0.8117647058823529,0.9764705882352941,0.3411764705882353,0.3411764705882353,0.35294117647058826
sub10,EP13_02f,others,4,91,0,0,88.49049377441406,0.13954372704029083,27.022680282592773,2.1826171875,1.4237208366394043,0.4761935770511627,1.8683035373687744,2.140625,0.6246085166931152,0.7777777777777778,0.7777777777777778,0.8,0.8,0.6111111111111112,0.6777777777777778,0.7111111111111111
sub10,EP13_03f,others,4,66,0,0,86.24415588378906,0.1681850105524063,26.43967056274414,1.4921875,1.0154918432235718,0.4752403795719147,1.3526785373687744,1.1796875,0.6740837693214417,0.5692307692307692,0.5692307692307692,0.5692307692307692,0.5692307692307692,0.4,0.46153846153846156,0.49230769230769234
sub10,EP16_02f,others,4,90,0,0,86.75308227539062,0.3469507694244385,28.13437843322754,1.6171875,1.1395182609558105,0.5349258184432983,1.7611607313156128,1.3046875,0.591183602809906,0.6966292134831461,0.48314606741573035,0.8539325842696629,0.9775280898876404,0.29213483146067415,0.42696629213483145,0.4943820224719101
sub10,EP18_01f,others,4,63,0,0,87.77536010742188,0.10715760290622711,27.36595344543457,1.1484375,0.9006851315498352,0.4761214852333069,1.0535714626312256,0.9140625,0.668367326259613,0.6451612903225806,0.6290322580645161,0.7258064516129032,0.7258064516129032,0.3064516129032258,0.45161290322580644,0.532258064516129
sub10,EP19_04f,others,4,46,0,0,92.19314575195312,0.11739182472229004,27.242094039916992,1.37109375,0.8503736257553101,0.4926215410232544,1.1696428060531616,1.18359375,0.9928774833679199,0.9777777777777777,0.9777777777777777,1.0,1.0,0.7333333333333333,0.8444444444444444,0.8888888888888888
sub11,EP02_06f,others,4+L14,46,0,0,103.09644317626953,0.3001064956188202,27.778247833251953,2.8369140625,1.62086021900177,0.44652777910232544,1.8370535373687744,2.6484375,0.6657487154006958,0.7333333333333333,0.7111111111111111,0.7333333333333333,0.6666666666666666,0.5777777777777777,0.6222222222222222,0.6444444444444445
sub11,EP08_01f,disgust,4,51,0,0,104.04158782958984,0.07761354744434357,26.313732147216797,2.0517578125,1.69140625,0.42949217557907104,2.203125,1.43359375,0.9947643876075745,0.86,0.82,1.0,1.0,0.28,0.34,0.44
sub11,EP12_03f,others,4,95,0,0,103.94095611572266,0.07778797298669815,25.459123611450195,1.78515625,1.0810444355010986,0.4256981313228607,1.3571428060531616,2.2421875,1.0,1.0,1.0,1.0,1.0,0.925531914893617,0.9574468085106383,0.9787234042553191
sub11,EP13_02f,disgust,4+9,91,0,0,106.02455139160156,0.18880951404571533,25.703275680541992,11.5380859375,4.789041042327881,0.4733615517616272,9.026785850524902,15.9140625,1.0,1.0,1.0,1.0,1.0,0.8666666666666667,0.9222222222222223,0.9555555555555556
sub11,EP13_03f,disgust,4,76,0,0,105.789306640625,0.1612168252468109,25.643997192382812,3.380859375,2.105738639831543,0.446393221616745,2.515625,3.890625,0.9598497748374939,0.88,0.8666666666666667,0.96,0.96,0.6,0.6266666666666667,0.6533333333333333
sub11,EP13_05f,disgust,4+9,96,0,0,104.37569427490234,0.10978738218545914,26.327810287475586,6.087890625,3.4258830547332764,0.4226151406764984,5.185267925262451,8.4296875,1.0,1.0,1.0,1.0,1.0,0.7368421052631579,0.8631578947368421,0.9263157894736842
sub11,EP15_01f,others,4,56,0,0,106.05611419677734,0.11686253547668457,26.001220703125,1.4091796875,0.9693778157234192,0.42294034361839294,1.5267857313156128,1.25390625,0.7415107488632202,0.7272727272727273,0.7272727272727273,0.8,0.8,0.5454545454545454,0.6,0.6545454545454545
sub11,EP15_04f,others,R14,36,0,0,106.26372528076172,0.058311827480793,26.105417251586914,1.1376953125,0.8382704257965088,0.4112444221973419,0.953125,1.30859375,1.0,1.0,1.0,1.0,1.0,0.4857142857142857,0.8571428571428571,0.9142857142857143
sub11,EP18_03f,others,4,76,0,0,104.45809936523438,0.06898705661296844,26.595754623413086,1.81640625,1.3394968509674072,0.42770832777023315,1.7165178060531616,2.12890625,1.0,1.0,1.0,0.9733333333333334,0.9733333333333334,0.10666666666666667,0.8933333333333333,0.9333333333333333
sub11,EP19_03f,others,4,141,0,0,104.75218200683594,0.18479859828948975,27.301740646362305,3.236328125,1.8222101926803589,0.42555105686187744,3.015625,3.26171875,0.9984912276268005,0.9928571428571429,0.9928571428571429,0.9928571428571429,1.0,0.5714285714285714,0.9642857142857143,0.9785714285714285
sub12,EP01_02,disgust,4+10,76,0,0,106.34241485595703,0.052064768970012665,32.90406036376953,2.630859375,1.6086297035217285,0.39933595061302185,2.236607074737549,3.41796875,0.9959168434143066,0.9866666666666667,0.9866666666666667,0.9733333333333334,0.9866666666666667,0.7333333333333333,0.8266666666666667,0.88
sub12,EP02_05,surprise,1+2,100,0,0,87.5442886352539,0.06891576200723648,27.985794067382812,1.0703125,0.8878808617591858,0.3824869692325592,1.234375,1.21875,0.8403284549713135,0.494949494949495,0.5050505050505051,0.9292929292929293,0.9292929292929293,0.15151515151515152,0.24242424242424243,0.42424242424242425
sub12,EP03_02,others,14,66,0,0,108.05564880371094,0.23511411249637604,33.055992126464844,2.0302734375,1.367379903793335,0.4272085428237915,1.1495535373687744,2.12890625,0.5526695251464844,0.24615384615384617,0.24615384615384617,0.5076923076923077,0.49230769230769234,0.18461538461538463,0.2,0.2153846153846154
sub12,EP03_04,happiness,6+12,97,0,0,108.7817153930664,0.2456812709569931,33.49174118041992,2.6064453125,1.302875280380249,0.4157816469669342,1.6316964626312256,2.40625,0.8628699779510498,0.8854166666666666,0.8854166666666666,0.8645833333333334,0.8645833333333334,0.8020833333333334,0.8333333333333334,0.84375
sub12,EP04_16,disgust,4,100,0,0,98.91091918945312,0.18938782811164856,31.3716983795166,1.8076171875,1.2671289443969727,0.40254104137420654,1.3526785373687744,1.73828125,0.7876823544502258,0.2828282828282828,0.2828282828282828,0.9090909090909091,0.2828282828282828,0.2222222222222222,0.24242424242424243,0.25252525252525254
sub12,EP06_06,surprise,1+2,76,0,0,87.44194793701172,0.05276991426944733,28.10588264465332,1.146484375,0.8478361368179321,0.3777734339237213,1.25,1.66796875,0.9872231483459473,0.9866666666666667,0.9866666666666667,0.9733333333333334,1.0,0.4,0.5066666666666667,0.9333333333333333
sub12,EP08_01,surprise,1+2,61,0,0,99.52792358398438,0.06739600002765656,33.18718338012695,1.2236328125,0.9629226326942444,0.39708659052848816,1.5290178060531616,0.78125,0.7765362858772278,0.6,0.65,0.6,0.5833333333333334,0.31666666666666665,0.4166666666666667,0.4666666666666667
sub12,EP08_03,surprise,1+2,81,0,0,99.82340240478516,0.06870802491903305,32.30998992919922,1.099609375,0.9150752425193787,0.3989624083042145,1.3995535373687744,0.85546875,0.7024866938591003,0.4625,0.375,0.3625,0.225,0.175,0.225,0.275
sub12,EP08_07,happiness,R6+R12,76,0,0,99.86972045898438,0.1535484939813614,32.957130432128906,1.857421875,1.180625557899475,0.3973698019981384,1.4174107313156128,2.24609375,1.0,1.0,1.0,1.0,1.0,0.9866666666666667,1.0,1.0
sub12,EP09_02,disgust,4+7,86,0,0,84.59323120117188,0.07102080434560776,28.085094451904297,1.5888671875,1.203511118888855,0.3717026710510254,1.640625,1.7890625,0.9950829744338989,0.7764705882352941,0.7764705882352941,1.0,1.0,0.38823529411764707,0.4235294117647059,0.4823529411764706
sub12,EP09_06,disgust,4+7,46,0,0,86.55689239501953,0.05030025914311409,26.703746795654297,1.259765625,0.74558424949646,0.3837239444255829,1.296875,1.140625,1.0,1.0,1.0,1.0,1.0,0.7555555555555555,0.8666666666666667,0.9333333333333333
sub12,EP16_02,disgust,4+5+7+9,91,0,0,107.82917785644531,0.12249571084976196,33.46601867675781,1.8759765625,1.4753820896148682,0.39471572637557983,1.9553571939468384,1.84375,0.8073920011520386,0.6555555555555556,0.6555555555555556,0.6111111111111112,0.6333333333333333,0.2777777777777778,0.5222222222222223,0.5888888888888889
sub13,EP01_01,others,4,56,0,0,77.57083892822266,0.28204667568206787,27.111507415771484,4.9990234375,3.505824565887451,0.48922228813171387,4.4754462242126465,5.74609375,0.9308458566665649,0.7272727272727273,0.7272727272727273,1.0,1.0,0.4727272727272727,0.5636363636363636,0.6181818181818182
sub13,EP01_02,others,14,41,0,0,76.15767669677734,0.11565329134464264,27.836246490478516,0.85546875,0.7560975551605225,0.4482421875,0.6919642686843872,1.05859375,0.913241982460022,0.35,0.35,0.425,0.425,0.175,0.225,0.25
sub13,EP02_02,others,14,58,0,0,76.97251892089844,0.15107779204845428,26.024784088134766,1.2421875,1.0043103694915771,0.44058388471603394,0.7857142686843872,1.52734375,0.7106918096542358,0.42105263157894735,0.45614035087719296,0.42105263157894735,0.42105263157894735,0.19298245614035087,0.2807017543859649,0.3508771929824561
sub13,EP02_03,others,14,41,0,0,76.02608489990234,0.09807580709457397,27.496829986572266,0.8583984375,0.6880239844322205,0.4524169862270355,0.7075892686843872,1.0078125,0.9044368863105774,0.625,0.625,0.625,0.625,0.4,0.5,0.625
sub13,EP03_01,happiness,12,81,0,0,79.01521301269531,0.3447439670562744,26.76007652282715,1.8544921875,1.4201991558074951,0.46342772245407104,1.1294642686843872,1.65234375,0.9457609057426453,0.95,0.925,0.325,0.9875,0.2125,0.2625,0.3125
sub13,EP08_01,others,4,53,0,0,79.63045501708984,0.29509738087654114,29.317201614379883,2.2978515625,1.4615271091461182,0.47487229108810425,1.5401785373687744,2.17578125,0.9256268739700317,0.9230769230769231,0.9230769230769231,0.9807692307692307,0.9615384615384616,0.8269230769230769,0.8461538461538461,0.8653846153846154
sub13,EP09_10,happiness,6+12,76,0,0,75.84476470947266,0.07964073866605759,27.72941780090332,1.67578125,1.3756552934646606,0.45119792222976685,1.578125,2.0234375,0.9452214241027832,0.4266666666666667,0.4266666666666667,0.44,0.44,0.24,0.29333333333333333,0.3466666666666667
sub13,EP12_01,others,4,56,0,0,76.47715759277344,0.3734625577926636,27.0582275390625,3.5576171875,1.9042619466781616,0.4920632243156433,3.0044643878936768,3.84765625,1.0,1.0,1.0,1.0,1.0,0.8,0.8363636363636363,0.9090909090909091
sub14,EP04_04f,others,14,76,0,0,99.89905548095703,0.1660083681344986,36.24736404418945,2.1142578125,1.43212890625,0.4797005355358124,1.3147321939468384,2.015625,0.788452684879303,0.4,0.4,0.9866666666666667,0.9866666666666667,0.32,0.3333333333333333,0.3466666666666667
sub14,EP09_03,happiness,14,36,0,0,87.73641204833984,0.07592363655567169,37.814476013183594,2.0517578125,1.4106717109680176,0.4655133783817291,1.1049107313156128,2.0234375,0.6872917413711548,0.5142857142857142,0.5142857142857142,0.6571428571428571,0.6571428571428571,0.4,0.42857142857142855,0.45714285714285713
sub14,EP09_04,happiness,14,86,0,0,89.48832702636719,0.5109366178512573,37.330318450927734,8.7333984375,4.976267337799072,0.47907859086990356,6.0245537757873535,11.90625,1.0,1.0,1.0,1.0,1.0,0.8117647058823529,0.9058823529411765,0.9529411764705882
sub14,EP09_06,happiness,6+12,81,0,0,91.47950744628906,0.1711946278810501,37.88615036010742,2.1181640625,1.5296103954315186,0.44249266386032104,1.5267857313156128,2.6953125,0.6892577409744263,0.65,0.65,0.675,0.6625,0.3625,0.5,0.5625
sub15,EP03_02,happiness,L12,61,0,0,84.8460693359375,0.09574887901544571,34.29167938232422,1.5859375,0.9866642951965332,0.42257487773895264,1.1919642686843872,2.328125,0.991995096206665,0.9833333333333333,0.9833333333333333,0.9166666666666666,0.9166666666666666,0.65,0.8166666666666667,0.8666666666666667
sub15,EP04_02,surprise,1+R2+25,91,0,0,83.42182922363281,0.21126613020896912,33.78764724731445,5.2041015625,4.0859375,0.4342339336872101,5.377232074737549,4.87109375,0.9268155097961426,0.6555555555555556,0.6444444444444445,0.5888888888888889,0.5888888888888889,0.34444444444444444,0.43333333333333335,0.4888888888888889
sub15,EP08_02,disgust,4+7,58,0,0,81.56800842285156,0.2842181324958801,30.66678237915039,9.16015625,6.694319248199463,0.505311131477356,6.435267925262451,10.58203125,0.757782518863678,0.6140350877192983,0.6140350877192983,0.6140350877192983,0.6140350877192983,0.3684210526315789,0.42105263157894735,0.47368421052631576
sub16,EP01_05,happiness,4+R12,91,0,0,73.31424713134766,0.1088501513004303,17.489816665649414,0.9453125,0.7511160969734192,0.4612521827220917,0.921875,1.0546875,0.8543388247489929,0.6222222222222222,0.6,0.5333333333333333,0.5333333333333333,0.3333333333333333,0.4222222222222222,0.4444444444444444
sub16,EP01_08,repression,17,24,0,0,72.95751953125,0.1598912924528122,17.160417556762695,0.8408203125,0.6377766728401184,0.4751613438129425,0.6785714030265808,0.9453125,0.9442508816719055,0.8695652173913043,0.8695652173913043,0.8695652173913043,0.8695652173913043,0.5652173913043478,0.6086956521739131,0.782608695652174
sub16,EP01_09f,others,4+12,113,0,0,72.51941680908203,0.08165804296731949,17.012054443359375,1.462890625,1.003525972366333,0.4768240749835968,1.3861607313156128,1.34765625,1.0,1.0,1.0,0.7410714285714286,0.7410714285714286,0.7410714285714286,0.9553571428571429,0.9910714285714286
sub16,EP04_02f,happiness,R12,91,0,0,91.84593963623047,0.12989643216133118,21.288301467895508,2.443359375,1.2135130167007446,0.5317274332046509,1.8125,3.08203125,1.0,1.0,1.0,1.0,1.0,0.8777777777777778,0.9444444444444444,0.9777777777777777
sub17,EP01_06,happiness,12,41,0,0,106.30590057373047,0.05567796900868416,38.70161437988281,0.93359375,0.6842606663703918,0.4458984434604645,0.875,0.82421875,0.991631805896759,0.875,0.875,0.475,0.475,0.525,0.775,0.8
sub17,EP01_13,surprise,2,91,0,0,104.79314422607422,0.19180403649806976,39.23322296142578,2.2763671875,1.2800588607788086,0.45166015625,1.8705357313156128,2.43359375,1.0,1.0,1.0,1.0,1.0,0.6888888888888889,0.9888888888888889,1.0
sub17,EP01_15,happiness,12,41,0,0,108.29335021972656,0.08547446131706238,38.33129119873047,0.662109375,0.5712652206420898,0.44145506620407104,0.625,0.765625,1.0,1.0,1.0,0.5,0.5,0.225,0.325,0.575
sub17,EP02_01,disgust,4+6+7+9,46,0,0,112.61693572998047,0.26946744322776794,36.44047927856445,6.6005859375,4.551375865936279,0.618945300579071,4.111607074737549,5.86328125,0.6490604877471924,0.6,0.6,0.6444444444444445,0.6444444444444445,0.4222222222222222,0.4666666666666667,0.5111111111111111
sub17,EP02_03,disgust,4+7,51,0,0,113.39544677734375,0.046090297400951385,36.60475540161133,1.5107421875,0.9591184258460999,0.4766210913658142,1.1160714626312256,1.76953125,0.9987071752548218,0.98,1.0,1.0,1.0,0.82,0.9,0.96
sub17,EP02_11,disgust,4+9+17,50,0,0,111.66109466552734,0.09655866771936417,35.87493896484375,3.50390625,2.832226514816284,0.5220423936843872,3.2276785373687744,3.359375,1.0,1.0,1.0,1.0,1.0,0.22448979591836735,0.2857142857142857,0.3469387755102041
sub17,EP02_18f,repression,17,91,0,0,112.59947967529297,0.10796091705560684,36.492515563964844,1.5810546875,1.098557710647583,0.4700629413127899,1.4888392686843872,1.84375,1.0,1.0,0.9888888888888889,0.9444444444444444,0.9444444444444444,0.4888888888888889,0.8222222222222222,0.8555555555555555
sub17,EP03_02,disgust,4+7,44,0,0,115.5205078125,0.13309533894062042,35.551090240478516,2.337890625,1.3500088453292847,0.4856468141078949,1.6473214626312256,2.43359375,1.0,1.0,1.0,1.0,1.0,0.9069767441860465,0.9534883720930233,1.0
sub17,EP03_09,happiness,6+12,66,0,0,114.05342864990234,0.10692312568426132,38.5223388671875,2.5751953125,1.9460670948028564,0.45913460850715637,1.03125,3.84375,0.9844520092010498,0.8615384615384616,0.9538461538461539,0.6307692307692307,0.6307692307692307,0.4307692307692308,0.5076923076923077,0.6615384615384615
sub17,EP05_02,happiness,12,97,0,0,111.634521484375,0.1835426539182663,36.183109283447266,3.8515625,2.7306599617004395,0.4654947817325592,2.700892925262451,4.671875,0.8935091495513916,0.75,0.75,0.7708333333333334,0.7708333333333334,0.5,0.6041666666666666,0.6458333333333334
sub17,EP05_03,happiness,12+L14,81,0,0,111.53258514404297,0.28262051939964294,36.31529235839844,4.5517578125,2.7278525829315186,0.49102783203125,2.763392925262451,4.51171875,0.7043552994728088,0.65,0.65,0.625,0.65,0.5625,0.5875,0.6
sub17,EP05_03f,repression,17,66,0,0,109.64575958251953,0.1488257348537445,37.03860855102539,1.5068359375,0.8669655323028564,0.4599609375,1.3973214626312256,1.453125,1.0,1.0,1.0,1.0,1.0,0.6923076923076923,0.9692307692307692,0.9846153846153847
sub17,EP05_04,repression,17,66,0,0,110.88038635253906,0.39255961775779724,36.19856643676758,3.5927734375,2.065962314605713,0.5033503770828247,2.3526785373687744,3.23046875,0.9075835943222046,0.8307692307692308,0.7692307692307693,0.7692307692307693,0.7692307692307693,0.6307692307692307,0.676923076923077,0.6923076923076923
sub17,EP05_09,repression,17,76,0,0,108.63751220703125,0.11082186549901962,36.00014114379883,0.96484375,0.7548828125,0.456158846616745,0.78125,0.91015625,0.7176113128662109,0.28,0.26666666666666666,0.44,0.26666666666666666,0.18666666666666668,0.22666666666666666,0.26666666666666666
sub17,EP05_10,repression,17,41,0,0,106.12631225585938,0.18667390942573547,37.465179443359375,1.638671875,1.354563593864441,0.4852539002895355,1.1763392686843872,1.62109375,0.9749702215194702,0.325,0.3,0.325,1.0,0.15,0.2,0.225
sub17,EP06_04,disgust,4+7,91,0,0,109.73416900634766,0.24155166745185852,35.86915588378906,4.4287109375,2.9684925079345703,0.49699434638023376,3.0714285373687744,3.9140625,0.5254685878753662,0.6333333333333333,0.6111111111111112,0.6111111111111112,0.6111111111111112,0.5111111111111111,0.5444444444444444,0.5555555555555556
sub17,EP06_07,happiness,L12,31,0,0,108.1169662475586,0.06009436026215553,35.24004364013672,1.25,0.9402721524238586,0.4446614682674408,0.8325892686843872,1.19140625,1.0,1.0,0.9666666666666667,0.9,0.9,0.5,0.7333333333333333,0.8333333333333334
sub17,EP06_08,repression,17,76,0,0,108.57260131835938,0.43711698055267334,34.815635681152344,3.107421875,1.4865851402282715,0.48977863788604736,1.5602678060531616,2.5625,0.6269641518592834,0.7066666666666667,0.7066666666666667,0.72,0.7066666666666667,0.64,0.6533333333333333,0.68
sub17,EP07_01,disgust,4+7,95,0,0,115.211669921875,0.22415490448474884,34.13813781738281,6.0244140625,4.233316421508789,0.5095162987709045,4.5535712242126465,4.26953125,0.9693629145622253,0.925531914893617,0.925531914893617,0.6170212765957447,0.6170212765957447,0.5851063829787234,0.8936170212765957,0.9042553191489362
sub17,EP08_02,disgust,4+7,68,0,0,113.08856201171875,0.22807744145393372,35.76030349731445,4.1572265625,2.088881492614746,0.527533233165741,2.7299106121063232,2.9296875,0.5799859166145325,0.746268656716418,0.746268656716418,0.7611940298507462,0.7611940298507462,0.6716417910447762,0.6865671641791045,0.7014925373134329
sub17,EP08_03,others,4,34,0,0,111.84349060058594,0.034084614366292953,35.803653717041016,0.810546875,0.6712144017219543,0.46034565567970276,0.7834821343421936,0.64453125,0.8481927514076233,0.5454545454545454,0.5454545454545454,0.8484848484848485,0.8484848484848485,0.24242424242424243,0.36363636363636365,0.45454545454545453
sub17,EP10_06,repression,17,58,0,0,111.64309692382812,0.09901370108127594,36.52225112915039,1.7900390625,1.0683425664901733,0.4863452613353729,1.265625,1.99609375,0.9836333990097046,0.9824561403508771,0.9824561403508771,0.9824561403508771,0.9824561403508771,0.8070175438596491,0.9122807017543859,0.9473684210526315
sub17,EP11_01,disgust,4+7,45,0,0,111.99774169921875,0.1393314152956009,35.47388458251953,2.8896484375,1.8951388597488403,0.4877263903617859,2.2410714626312256,3.875,1.0,1.0,1.0,1.0,1.0,0.5909090909090909,0.8863636363636364,0.9318181818181818
sub17,EP11_02,disgust,4+7,86,0,0,113.12157440185547,0.320652574300766,35.13779067993164,7.3271484375,4.728311061859131,0.5176125764846802,5.375,9.97265625,0.9880048036575317,0.9529411764705882,0.9529411764705882,0.7411764705882353,0.7411764705882353,0.5411764705882353,0.6352941176470588,0.7058823529411765
sub17,EP12_03,repression,17,54,0,0,110.98540496826172,0.08973290771245956,35.179115295410156,1.396484375,1.0490632057189941,0.47741007804870605,1.1026785373687744,1.5859375,0.9944055676460266,0.8490566037735849,0.8490566037735849,0.9811320754716981,0.9811320754716981,0.4339622641509434,0.5849056603773585,0.6792452830188679
sub17,EP13_01,others,4,46,0,0,115.53999328613281,0.3964470326900482,34.13686752319336,3.9765625,1.8621348142623901,0.5412760376930237,2.2120535373687744,3.33203125,0.9828094244003296,0.9111111111111111,0.9111111111111111,0.9111111111111111,0.9111111111111111,0.7111111111111111,0.7777777777777778,0.8444444444444444
sub17,EP13_03,disgust,4+7,86,0,0,112.62348937988281,0.34833717346191406,37.09672546386719,4.2138671875,2.463447093963623,0.4989430010318756,2.1339285373687744,4.1484375,0.3745075464248657,0.5294117647058824,0.5294117647058824,0.5058823529411764,0.5294117647058824,0.4588235294117647,0.4823529411764706,0.49411764705882355
sub17,EP13_04,disgust,4+7,36,0,0,115.285888671875,0.11003744602203369,33.74557876586914,1.7041015625,1.3452420234680176,0.4987165033817291,1.3794642686843872,1.22265625,0.7908309698104858,0.5428571428571428,0.5428571428571428,0.9714285714285714,0.9714285714285714,0.2571428571428571,0.34285714285714286,0.42857142857142855
sub17,EP13_06,disgust,4+7,46,0,0,114.38775634765625,0.10111454874277115,35.222076416015625,1.8193359375,1.34882390499115,0.48565536737442017,1.4441964626312256,2.3046875,0.9892646074295044,0.9333333333333333,0.9777777777777777,0.9333333333333333,0.9333333333333333,0.37777777777777777,0.6888888888888889,0.8
sub17,EP13_09,happiness,L12,96,0,0,114.97632598876953,0.1401454359292984,35.40323257446289,1.326171875,1.0332742929458618,0.46875,1.1986607313156128,1.5625,0.7967599630355835,0.3473684210526316,0.35789473684210527,0.3157894736842105,0.3473684210526316,0.2631578947368421,0.29473684210526313,0.3157894736842105
sub17,EP15_04,repression,17,77,0,0,114.56564331054688,0.37819311022758484,35.916290283203125,3.056640625,2.2451932430267334,0.49763569235801697,1.3236607313156128,2.5703125,0.5597444176673889,0.23684210526315788,0.23684210526315788,0.23684210526315788,0.25,0.13157894736842105,0.15789473684210525,0.17105263157894737
sub17,EP15_05,others,R14,46,0,0,115.24047088623047,0.13126404583454132,36.004913330078125,1.369140625,1.01904296875,0.4771701395511627,0.9419642686843872,1.36328125,0.7788873314857483,0.5777777777777777,0.5777777777777777,0.6222222222222222,0.6222222222222222,0.35555555555555557,0.4222222222222222,0.4888888888888889
sub17,EP16_01f,disgust,4+7+9,64,0,0,113.41616821289062,0.07825348526239395,36.19612121582031,1.623046875,1.2293701171875,0.4832434356212616,1.3013392686843872,1.8359375,0.805655837059021,0.30158730158730157,0.30158730158730157,0.30158730158730157,0.30158730158730157,0.15873015873015872,0.20634920634920634,0.2698412698412698
sub17,EP18_07,disgust,4+7+9,68,0,0,108.0121078491211,0.49401727318763733,38.2554931640625,5.314453125,3.249727249145508,0.47032415866851807,3.8839285373687744,7.703125,0.9547960162162781,0.835820895522388,0.835820895522388,0.8507462686567164,0.8507462686567164,0.6417910447761194,0.6865671641791045,0.7313432835820896
sub18,EP08_01,others,4,37,0,0,99.20558166503906,0.05904056876897812,26.789278030395508,0.8203125,0.6387774348258972,0.4002278745174408,0.9151785969734192,0.84375,0.9166666865348816,0.6944444444444444,0.6944444444444444,0.8611111111111112,0.8611111111111112,0.4166666666666667,0.5555555555555556,0.5555555555555556
sub18,EP18_01,others,4,61,0,0,91.97046661376953,0.045065611600875854,27.307538986206055,1.76171875,1.2034131288528442,0.4168131649494171,1.3526785373687744,1.5078125,0.6757206320762634,0.5833333333333334,0.5833333333333334,0.5833333333333334,0.5833333333333334,0.43333333333333335,0.48333333333333334,0.5166666666666667
sub18,EP19_01,others,4,46,0,0,89.86984252929688,0.07796739041805267,29.190113067626953,0.986328125,0.650242030620575,0.4047309160232544,0.8013392686843872,1.3984375,1.0,1.0,1.0,1.0,1.0,0.7333333333333333,0.8444444444444444,0.8666666666666667
sub19,EP01_01f,happiness,12,100,0,0,106.30781555175781,0.045626480132341385,25.498865127563477,3.4853515625,2.0052928924560547,0.42200323939323425,3.1785714626312256,4.0390625,0.9971981048583984,0.98989898989899,0.98989898989899,0.98989898989899,0.98989898989899,0.6262626262626263,0.797979797979798,0.9292929292929293
sub19,EP01_02f,happiness,6+12,92,0,0,106.8046646118164,0.11865229159593582,26.084362030029297,1.20703125,0.8074260950088501,0.42523396015167236,1.1026785373687744,1.2109375,0.950647234916687,0.978021978021978,0.978021978021978,0.9010989010989011,0.9010989010989011,0.8241758241758241,0.8901098901098901,0.9120879120879121
sub19,EP02_01,surprise,L1+L2,61,0,0,102.39387512207031,0.08462005108594894,24.26826286315918,2.533203125,1.4067302942276,0.4344075620174408,2.357142925262451,2.72265625,1.0,1.0,1.0,1.0,1.0,0.7833333333333333,0.8833333333333333,0.9333333333333333
sub19,EP06_01f,surprise,L1+L2,56,0,0,104.9892578125,0.05747484415769577,24.936859130859375,0.89453125,0.74169921875,0.4292791187763214,0.9955357313156128,0.81640625,0.9661571979522705,0.6181818181818182,0.6727272727272727,0.9272727272727272,0.9272727272727272,0.32727272727272727,0.38181818181818183,0.4909090909090909
sub19,EP06_02f,others,6+7+12,81,0,0,105.42071533203125,0.3682166635990143,25.223421096801758,2.470703125,1.5578703880310059,0.41441649198532104,2.1875,2.46875,0.6422924995422363,0.5875,0.6,0.5875,0.5875,0.475,0.5125,0.5375
sub19,EP08_02,happiness,6+7+12,80,0,0,103.9676742553711,0.08168050646781921,24.4461727142334,2.423828125,1.4190185070037842,0.4348422586917877,1.6495535373687744,2.23046875,0.5225624442100525,0.45569620253164556,0.45569620253164556,0.4430379746835443,0.4430379746835443,0.35443037974683544,0.379746835443038,0.3924050632911392
sub19,EP11_01f,others,?,56,0,0,102.21070861816406,0.06363920122385025,24.844877243041992,1.4970703125,1.1485944986343384,0.42833808064460754,0.9263392686843872,1.6015625,0.9628180265426636,0.9636363636363636,0.9636363636363636,0.9636363636363636,0.9636363636363636,0.41818181818181815,0.6363636363636364,0.8363636363636363
sub19,EP11_04f,surprise,L2+14,56,0,0,102.51536560058594,0.09394443780183792,24.553125381469727,1.7880859375,1.3011474609375,0.4486328065395355,1.6897321939468384,1.421875,0.6854178309440613,0.509090909090909,0.509090909090909,0.9818181818181818,0.9818181818181818,0.2909090909090909,0.38181818181818183,0.4727272727272727
sub19,EP13_01,disgust,4+7+6,86,0,0,104.42092895507812,0.17186284065246582,24.0931453704834,2.189453125,1.5895144939422607,0.4148322641849518,2.03125,2.5625,0.9781445264816284,0.9529411764705882,0.9529411764705882,0.9411764705882353,0.9529411764705882,0.5294117647058824,0.6823529411764706,0.7647058823529411
sub19,EP15_03f,others,12,51,0,0,100.21646881103516,0.14996561408042908,25.86543083190918,1.765625,1.0578278303146362,0.42679688334465027,0.8705357313156128,2.125,0.7953540086746216,0.74,0.74,0.74,0.76,0.62,0.68,0.7
sub19,EP16_01,disgust,4+9+10,51,0,0,102.30386352539062,0.14996570348739624,24.946186065673828,1.537109375,1.1032475233078003,0.4205664098262787,1.4084821939468384,1.2265625,0.573697566986084,0.4,0.4,1.0,1.0,0.26,0.32,0.36
sub19,EP16_02,disgust,4+9+10,41,0,0,102.21155548095703,0.16706562042236328,23.20287322998047,1.296875,1.106540560722351,0.421875,1.3549107313156128,1.78125,0.9804216623306274,0.4,0.4,1.0,1.0,0.2,0.25,0.3
sub19,EP19_01,others,4,36,0,0,104.38148498535156,0.1168162152171135,28.486995697021484,2.6767578125,1.6544867753982544,0.44246652722358704,2.2589285373687744,3.46484375,0.998175859451294,0.9714285714285714,1.0,1.0,1.0,0.6571428571428571,0.8285714285714286,0.9428571428571428
sub19,EP19_02,surprise,L1+L2,46,0,0,105.35443115234375,0.12054969370365143,23.883960723876953,1.021484375,0.7896357178688049,0.4155164957046509,1.1205357313156128,0.7890625,0.7695984840393066,0.4888888888888889,0.4888888888888889,1.0,0.6,0.28888888888888886,0.3333333333333333,0.4
sub19,EP19_03,surprise,L1+L2,56,0,0,105.3814697265625,0.14401642978191376,23.901445388793945,0.90625,0.7420654296875,0.4214133620262146,0.9263392686843872,1.01953125,0.9288793206214905,0.7454545454545455,0.7454545454545455,0.7272727272727273,0.7272727272727273,0.34545454545454546,0.4,0.5272727272727272
sub20,EP01_03,disgust,L4,51,0,0,101.52010345458984,0.12809383869171143,33.07865524291992,0.7470703125,0.6311466097831726,0.42472657561302185,0.6428571343421936,0.92578125,0.9045751690864563,0.62,0.62,0.5,0.5,0.22,0.34,0.44
sub20,EP03_02,others,14,67,0,0,94.39766693115234,0.12676569819450378,31.432228088378906,0.9453125,0.8163625001907349,0.42069128155708313,0.71875,1.109375,1.0,1.0,0.5151515151515151,0.42424242424242425,0.42424242424242425,0.19696969696969696,0.3181818181818182,0.36363636363636365
sub20,EP06_03,disgust,4,31,0,0,99.96843719482422,0.10612630844116211,33.42473220825195,0.8466796875,0.6825226545333862,0.4319661557674408,0.7165178656578064,1.04296875,0.9873125553131104,0.8333333333333334,0.8333333333333334,1.0,0.9666666666666667,0.43333333333333335,0.5333333333333333,0.7
sub20,EP07_04,others,4,56,0,0,99.91526794433594,0.08498197793960571,32.732154846191406,0.8798828125,0.5813860297203064,0.4280717372894287,0.7879464030265808,1.078125,1.0,1.0,1.0,0.9818181818181818,1.0,0.7454545454545455,0.8909090909090909,0.9636363636363636
sub20,EP10_02,others,14,86,0,0,97.4393081665039,0.1093161329627037,32.45310592651367,1.4462890625,0.8969272375106812,0.4242532253265381,1.2388392686843872,1.83984375,1.0,1.0,1.0,1.0,1.0,0.7411764705882353,0.9058823529411765,0.9882352941176471
sub20,EP12_01,others,14,66,0,0,95.00444030761719,0.1244380995631218,31.089651107788086,1.6005859375,1.2194010019302368,0.43185096979141235,0.8370535969734192,2.296875,0.992068350315094,0.9846153846153847,0.9846153846153847,0.9538461538461539,0.9846153846153847,0.16923076923076924,0.8,0.8769230769230769
sub20,EP13_02,others,4,51,0,0,93.72028350830078,0.25559601187705994,31.8243408203125,1.193359375,0.8621131777763367,0.4235546886920929,1.1651785373687744,1.0390625,0.950900137424469,0.86,0.92,0.84,0.98,0.5,0.62,0.76
sub20,EP15_03f,others,4,96,0,0,95.91968536376953,0.14933398365974426,31.83441162109375,2.9375,1.958099365234375,0.433552622795105,2.0379464626312256,4.06640625,0.9960106611251831,0.9789473684210527,0.9789473684210527,0.9894736842105263,0.9894736842105263,0.49473684210526314,0.8526315789473684,0.9157894736842105
sub20,EP16_01,others,4,41,0,0,94.76864624023438,0.2504523992538452,30.8959903717041,1.548828125,1.014577031135559,0.435791015625,1.3415178060531616,1.265625,1.0,1.0,0.975,1.0,0.975,0.675,0.825,0.95
sub20,EP16_04,others,14,41,0,0,94.12113952636719,0.11978063732385635,30.883840560913086,0.9091796875,0.7453553676605225,0.41752928495407104,0.6584821343421936,1.12109375,0.8421052694320679,0.525,0.675,0.65,0.675,0.3,0.425,0.5
sub20,EP18_03,others,4,79,0,0,94.01422882080078,0.1923312246799469,31.34607696533203,1.5439453125,1.1309335231781006,0.42869842052459717,1.3125,1.63671875,0.84566730260849,0.6025641025641025,0.6025641025641025,0.6538461538461539,0.6538461538461539,0.46153846153846156,0.5128205128205128,0.5512820512820513
sub21,EP01_07,others,4,31,0,0,103.18762969970703,0.0496390201151371,28.485572814941406,1.6259765625,1.268113613128662,0.4561523497104645,1.1361607313156128,2.0703125,1.0,1.0,1.0,1.0,1.0,0.36666666666666664,0.5666666666666667,0.6333333333333333
sub21,EP05_02,repression,12+14+17,96,0,0,107.13925170898438,0.07005524635314941,32.133296966552734,1.57421875,1.3082376718521118,0.44460320472717285,1.140625,2.0859375,0.8728287816047668,0.5789473684210527,0.5789473684210527,0.4421052631578947,0.4105263157894737,0.23157894736842105,0.2736842105263158,0.3368421052631579
sub22,EP01_12,repression,15+17,97,0,0,100.6771469116211,0.3087356686592102,30.620485305786133,3.1904296875,2.1770195960998535,0.45037841796875,2.5245535373687744,3.17578125,0.6366697549819946,0.5520833333333334,0.5520833333333334,0.5520833333333334,0.4895833333333333,0.3854166666666667,0.4479166666666667,0.4791666666666667
sub22,EP13_08,repression,15+17,106,0,0,100.29492950439453,0.38023409247398376,30.781173706054688,3.12109375,2.14111328125,0.4520740211009979,2.5223214626312256,3.15234375,0.6323529481887817,0.4857142857142857,0.5238095238095238,0.45714285714285713,0.45714285714285713,0.34285714285714286,0.3904761904761905,0.41904761904761906
sub23,EP02_01,happiness,6+12+17,95,0,0,103.48979949951172,0.4780167043209076,25.604965209960938,7.26171875,4.451870918273926,0.5251620411872864,6.654017925262451,7.72265625,1.0,1.0,1.0,1.0,1.0,0.5319148936170213,0.6170212765957447,0.8723404255319149
sub23,EP03_14f,disgust,4+R10,61,0,0,102.73685455322266,0.22618573904037476,26.2268123626709,3.4013671875,1.9369556903839111,0.5034830570220947,2.4910714626312256,3.3125,0.28136664628982544,0.6166666666666667,0.6166666666666667,0.6166666666666667,0.6166666666666667,0.48333333333333334,0.5333333333333333,0.5666666666666667
sub23,EP04_03f,repression,14+15,100,0,0,103.2985610961914,0.10250398516654968,26.721824645996094,4.5234375,2.6401660442352295,0.4809027910232544,3.638392925262451,5.91796875,0.9961140155792236,0.98989898989899,0.98989898989899,0.98989898989899,0.98989898989899,0.7676767676767676,0.8585858585858586,0.9191919191919192
sub23,EP05_24f,repression,4+15+17,66,0,0,107.41675567626953,0.22833718359470367,26.546310424804688,5.05859375,3.419862747192383,0.5239633321762085,3.877232074737549,3.3671875,0.541891872882843,0.5384615384615384,0.5692307692307692,0.676923076923077,0.676923076923077,0.4,0.4461538461538462,0.47692307692307695
sub23,EP05_25f,disgust,4+7+10,81,0,0,106.36091613769531,0.11988154798746109,26.50843620300293,1.953125,1.434654712677002,0.4904541075229645,1.6428571939468384,1.8359375,0.503000020980835,0.425,0.425,0.4625,0.5,0.175,0.225,0.25
sub23,EP07_01,others,4,61,0,0,111.18437957763672,0.08679964393377304,26.948158264160156,2.302734375,1.6634061336517334,0.5068684816360474,1.9933035373687744,2.515625,0.9889736771583557,0.9666666666666667,0.9666666666666667,1.0,1.0,0.43333333333333335,0.7,0.8166666666666667
sub23,EP12_02f,disgust,4+7+10,85,0,0,104.80855560302734,0.10872522741556168,27.50323486328125,2.2099609375,1.6081571578979492,0.4829450249671936,1.7834821939468384,1.99609375,0.4723818004131317,0.4642857142857143,0.4642857142857143,0.47619047619047616,0.5,0.20238095238095238,0.2619047619047619,0.2976190476190476
sub23,EP12_03,disgust,4+10,76,0,0,107.84332275390625,0.23885320127010345,25.64032554626465,2.6005859375,1.6294587850570679,0.5123567581176758,1.9821428060531616,2.515625,0.559894859790802,0.4666666666666667,0.4666666666666667,0.4666666666666667,0.4666666666666667,0.3466666666666667,0.38666666666666666,0.4266666666666667
sub23,EP13_03,others,4,56,0,0,104.66048431396484,0.06063717603683472,25.929685592651367,2.13671875,1.2076066732406616,0.486328125,1.7455357313156128,2.49609375,1.0,1.0,1.0,1.0,1.0,0.7818181818181819,0.9272727272727272,0.9636363636363636
sub23,EP13_04,repression,17,66,0,0,104.2649917602539,0.16140523552894592,25.315622329711914,3.802734375,2.3728840351104736,0.5157451629638672,3.2700893878936768,4.25,0.9938367009162903,0.9692307692307692,0.9846153846153847,0.9692307692307692,0.9692307692307692,0.7076923076923077,0.8153846153846154,0.8923076923076924
sub23,EP13_07f,others,4,71,0,0,105.76593780517578,0.14142467081546783,26.568634033203125,1.1201171875,0.9085057377815247,0.4795340299606323,1.0959821939468384,1.375,1.0,1.0,1.0,1.0,1.0,0.2714285714285714,0.3142857142857143,0.9285714285714286
sub23,EP17_01,others,4,66,0,0,110.06629943847656,0.09237214922904968,26.11008644104004,1.46484375,1.129927158355713,0.4935847222805023,1.4441964626312256,0.88671875,0.7753333449363708,0.6,0.6,0.6,0.6,0.35384615384615387,0.4153846153846154,0.5076923076923077
sub24,EP01_08,disgust,L7+L10,99,0,0,106.1488037109375,0.31041833758354187,24.202116012573242,2.0439453125,1.521878957748413,0.46515265107154846,1.3973214626312256,3.13671875,0.7410415410995483,0.30612244897959184,0.2755102040816326,0.30612244897959184,0.30612244897959184,0.21428571428571427,0.23469387755102042,0.25510204081632654
sub24,EP02_02f,disgust,4+7,36,0,0,101.54261779785156,0.06952790170907974,23.710538864135742,0.8828125,0.6610514521598816,0.4555245637893677,0.8303571343421936,1.04296875,1.0,1.0,0.9714285714285714,0.9714285714285714,0.9714285714285714,0.45714285714285713,0.8857142857142857,0.9714285714285714
sub24,EP08_02,others,4,61,0,0,105.57598114013672,0.10068199783563614,24.143617630004883,1.0380859375,0.711866021156311,0.46072590351104736,1.0558035373687744,0.8515625,1.0,1.0,1.0,0.6833333333333333,0.5333333333333333,0.6666666666666666,0.8166666666666667,0.9166666666666666
sub24,EP10_01f,others,4,24,0,0,102.82621002197266,0.03997398540377617,23.814523696899414,0.7255859375,0.6112874150276184,0.4635699689388275,0.765625,0.72265625,0.9771198034286499,0.782608695652174,0.6956521739130435,1.0,1.0,0.30434782608695654,0.43478260869565216,0.4782608695652174
sub24,EP10_02,others,4,36,0,0,103.197021484375,0.044970426708459854,23.208702087402344,1.3515625,0.9904242753982544,0.47396764159202576,1.3549107313156128,0.96484375,0.6235548853874207,0.5142857142857142,0.5142857142857142,0.8,0.8,0.3142857142857143,0.4,0.42857142857142855
sub24,EP12_01,others,L6+L7,41,0,0,102.9158706665039,0.12605631351470947,25.29497528076172,1.4404296875,1.1192835569381714,0.45710450410842896,1.3392857313156128,2.06640625,0.9986440539360046,0.975,1.0,0.95,0.95,0.35,0.425,0.525
sub24,EP18_03,surprise,L1+L2,36,0,0,106.06523895263672,0.09013807028532028,23.788543701171875,1.330078125,1.0665419101715088,0.48431921005249023,1.5669642686843872,0.76171875,0.7283406853675842,0.4857142857142857,0.4857142857142857,0.6,0.6,0.2571428571428571,0.34285714285714286,0.37142857142857144
sub25,EP03_01,others,24,61,0,0,82.8978271484375,0.07832728326320648,33.93061065673828,0.6455078125,0.5389504432678223,0.36316731572151184,0.4799107015132904,0.97265625,0.97579425573349,0.4166666666666667,0.9833333333333333,0.38333333333333336,0.38333333333333336,0.23333333333333334,0.26666666666666666,0.3333333333333333
sub25,EP03_02,others,24,84,0,0,84.72977447509766,0.13030201196670532,32.17991256713867,0.7529296875,0.603817880153656,0.3825654089450836,0.6919642686843872,0.890625,0.8858625292778015,0.891566265060241,0.891566265060241,0.6265060240963856,0.5542168674698795,0.3253012048192771,0.5542168674698795,0.7228915662650602
sub25,EP09_02,disgust,4+7,36,0,0,85.80184173583984,0.10709594935178757,30.83606719970703,0.8984375,0.7091742753982544,0.38191965222358704,0.7410714030265808,0.90625,0.760869562625885,0.6285714285714286,0.6285714285714286,0.45714285714285713,0.6571428571428571,0.34285714285714286,0.4,0.5714285714285714
sub25,EP10_01,disgust,4+7,76,0,0,85.011962890625,0.08595270663499832,31.899118423461914,1.8916015625,1.2221037149429321,0.3741796910762787,1.34375,3.0390625,1.0,1.0,1.0,1.0,1.0,0.7333333333333333,0.92,0.9733333333333334
sub25,EP10_10,surprise,R2,98,0,0,84.20793151855469,0.11541931331157684,33.11716079711914,1.5146484375,1.0123764276504517,0.3725334107875824,0.8549107313156128,2.18359375,1.0,1.0,1.0,0.9072164948453608,0.9484536082474226,0.7216494845360825,0.8041237113402062,0.9072164948453608
sub25,EP12_01,surprise,R2,56,0,0,77.27666473388672,0.11546290665864944,27.36263656616211,2.271484375,1.0960344076156616,0.3861860930919647,1.6049107313156128,3.87109375,1.0,1.0,1.0,1.0,1.0,0.8363636363636363,0.9272727272727272,0.9454545454545454
sub25,EP18_04f,disgust,4+7,41,0,0,84.41920471191406,0.10708898305892944,33.162776947021484,1.1591796875,0.881550133228302,0.3661865293979645,1.0379464626312256,0.94140625,0.9797809720039368,0.9,0.9,0.975,0.9,0.45,0.6,0.7
sub26,EP03_10,happiness,R12,86,0,0,96.70542907714844,0.06491649150848389,39.90498352050781,2.02734375,1.4570425748825073,0.4030560553073883,1.6071428060531616,2.7265625,0.9556840062141418,0.611764705882353,0.611764705882353,0.611764705882353,0.611764705882353,0.4,0.4823529411764706,0.5176470588235295
sub26,EP07_28,others,14,41,0,0,96.22358703613281,0.06984881311655045,38.39356231689453,2.7783203125,1.2943025827407837,0.42253416776657104,2.091517925262451,4.1953125,1.0,1.0,1.0,1.0,1.0,0.875,0.95,0.975
sub26,EP07_37,others,14,99,0,0,93.15656280517578,0.1289450079202652,37.92366409301758,3.5048828125,2.4622199535369873,0.40187540650367737,2.359375,4.5078125,0.9721370935440063,0.8571428571428571,0.8571428571428571,1.0,1.0,0.5510204081632653,0.6632653061224489,0.7551020408163265
sub26,EP08_04,others,4+7+12,59,0,0,94.22926330566406,0.057718049734830856,37.48502731323242,2.333984375,1.4919888973236084,0.41285020112991333,1.875,3.22265625,1.0,1.0,1.0,1.0,1.0,0.6724137931034483,0.8448275862068966,0.9137931034482759
sub26,EP09_04,disgust,4+7,61,0,0,95.6271743774414,0.14194098114967346,38.214256286621094,4.369140625,2.4338338375091553,0.4156900942325592,3.4642856121063232,6.36328125,1.0,1.0,1.0,1.0,1.0,0.7666666666666667,0.8833333333333333,0.9333333333333333
sub26,EP09_09,disgust,4,56,0,0,92.57364654541016,0.09586399048566818,38.5084342956543,1.9443359375,1.3974783420562744,0.4253728687763214,1.8191964626312256,2.21875,1.0,1.0,1.0,1.0,1.0,0.32727272727272727,0.38181818181818183,0.43636363636363634
sub26,EP13_01,others,?,58,0,0,96.16506958007812,0.15238679945468903,39.111385345458984,9.26171875,5.664230823516846,0.4783100187778473,8.662946701049805,11.328125,1.0,1.0,1.0,1.0,1.0,0.7017543859649122,0.8596491228070176,0.9298245614035088
sub26,EP13_02,happiness,R12,85,0,0,95.25342559814453,0.13779893517494202,38.656044006347656,3.2333984375,1.5263557434082031,0.3997744619846344,2.685267925262451,4.109375,1.0,1.0,1.0,1.0,1.0,0.8809523809523809,0.9404761904761905,0.9761904761904762
sub26,EP13_11,disgust,4+9,82,0,0,97.7958755493164,0.5976470708847046,38.19230651855469,5.05859375,3.0944883823394775,0.4266975224018097,3.9642856121063232,7.59375,1.0,1.0,1.0,1.0,1.0,0.7530864197530864,0.9135802469135802,0.9629629629629629
sub26,EP16_01,disgust,4,51,0,0,92.43696594238281,0.48031213879585266,38.82916259765625,6.07421875,3.3401310443878174,0.4506250023841858,4.654017925262451,9.05859375,1.0,1.0,1.0,1.0,1.0,0.74,0.86,0.92
sub26,EP18_44,disgust,4,61,0,0,94.85431671142578,0.1481989026069641,39.186668395996094,2.1044921875,1.6845862865447998,0.4161621034145355,2.091517925262451,2.68359375,0.9749419689178467,0.5166666666666667,0.5166666666666667,1.0,1.0,0.31666666666666665,0.36666666666666664,0.4
sub26,EP18_46,others,17,71,0,0,94.02739715576172,0.08298344910144806,39.168670654296875,1.2412109375,1.0102057456970215,0.40539899468421936,1.0691964626312256,1.48046875,1.0,1.0,1.0,1.0,1.0,0.24285714285714285,0.3,0.6142857142857143
sub26,EP18_47,disgust,4,81,0,0,94.9649887084961,0.09708796441555023,38.682708740234375,1.5380859375,1.1931785345077515,0.4021850526332855,1.390625,1.65234375,0.8615872859954834,0.6375,0.625,1.0,1.0,0.2875,0.3875,0.5
sub26,EP18_49,disgust,4,65,0,0,93.20016479492188,0.22675998508930206,39.73530197143555,1.853515625,1.3062800168991089,0.39788818359375,1.4174107313156128,2.6171875,0.9947313070297241,0.984375,1.0,1.0,1.0,0.546875,0.671875,0.75
sub26,EP18_50,disgust,4,84,0,0,94.21428680419922,0.07137680053710938,38.20619201660156,1.798828125,1.3226609230041504,0.40327325463294983,1.5513392686843872,1.41796875,0.6389793753623962,0.1927710843373494,0.1927710843373494,0.9879518072289156,0.9879518072289156,0.12048192771084337,0.14457831325301204,0.1566265060240964
sub26,EP18_51,disgust,4,61,0,0,94.01791381835938,0.12318374961614609,38.25598907470703,2.8779296875,2.074378728866577,0.4029947817325592,2.2098214626312256,3.91796875,0.950797438621521,0.7333333333333333,0.7333333333333333,1.0,1.0,0.4666666666666667,0.55,0.6166666666666667
