new_id,batch,timestamp,old_run,new_run,old_config,new_config
001,1,2026-07-13T17:30:20.512519,000_smoke_smoke,001_smoke_smoke,,
002,1,2026-07-13T19:13:29.999199,001_baseline_r2plus1d,002_baseline_r2plus1d,001_baseline_r2plus1d,002_baseline_r2plus1d
003,1,2026-07-13T20:57:37.747964,002_onsetref_r2plus1d,003_onsetref_r2plus1d,002_onsetref_r2plus1d,003_onsetref_r2plus1d
004,1,2026-07-13T22:30:41.614667,003_flow_r2plus1d,004_flow_r2plus1d,003_flow_r2plus1d,004_flow_r2plus1d
005,1,2026-07-13T22:36:28.156173,000_smoke_2stream_smoke,005_smoke_2stream_smoke,,
006,1,2026-07-14T01:59:15.776057,004_twostream_flow_onsetref,006_twostream_flow_onsetref,004_twostream_flow_onsetref,006_twostream_flow_onsetref
007,1,2026-07-14T03:37:30.074548,005_flow_apex_tta,007_flow_apex_tta,005_flow_apex_tta,007_flow_apex_tta
008,1,2026-07-14T05:27:34.899109,006_flow_tta_lastk,008_flow_tta_lastk,006_flow_tta_lastk,008_flow_tta_lastk
009,1,2026-07-14T05:30:44.841342,000_smoke_tta_smoke,009_smoke_tta_smoke,,
010,1,2026-07-14T05:31:20,007_flow_ensemble_tta,010_flow_ensemble_tta,007_flow_ensemble_tta,010_flow_ensemble_tta
011,1,2026-07-14T13:07:55.964456,008_flow_t24,011_flow_t24,008_flow_t24,011_flow_t24
012,1,2026-07-14T15:24:25.198757,009_flow_res128,012_flow_res128,009_flow_res128,012_flow_res128
013,1,2026-07-14T15:25:16,010_flow_res128_ensemble,013_flow_res128_ensemble,010_flow_res128_ensemble,013_flow_res128_ensemble
014,1,2026-07-14T23:47:10.085968,011_objective,014_objective,011_objective,014_objective
015,1,2026-07-15T02:00:38.367231,012_strain,015_strain,012_strain,015_strain
016,1,2026-07-15T11:53:42.495229,013_4ch,016_4ch,013_4ch,016_4ch
017,1,2026-07-15T13:58:48.938760,014_r3d,017_r3d,014_r3d,017_r3d
018,1,2026-07-15T16:02:26.615880,015_mag5,018_mag5,015_mag5,018_mag5
019,1,2026-07-15T17:54:18.423940,016_mag_r3d,019_mag_r3d,016_mag_r3d,019_mag_r3d
020,1,2026-07-15T19:46:21.071507,017_mc3,020_mc3,017_mc3,020_mc3
021,1,2026-07-15T19:48:14.396617,000_smoke_focal_smoke,021_smoke_focal_smoke,,
022,1,2026-07-15T21:31:20.381783,018_focal,022_focal,018_focal,022_focal
023,1,2026-07-15T21:34:16,000_apex_ststnet_smoke,023_apex_ststnet_smoke,,
024,1,2026-07-15T21:35:44,000_apex_shallowcnn_smoke,024_apex_shallowcnn_smoke,,
025,1,2026-07-15T21:37:17,000_apex_shallowcnn,025_apex_shallowcnn,000_apex_shallowcnn,025_apex_shallowcnn
026,1,2026-07-15T23:41:00.692305,014_r3d_s123,026_r3d_s123,014_r3d_s123,026_r3d_s123
027,1,2026-07-15T23:47:14,000_twostage_r3d_smoke,027_twostage_r3d_smoke,,
028,1,2026-07-16T01:46:34.417903,019_mixup,028_mixup,019_mixup,028_mixup
029,1,2026-07-16T03:50:39.243841,013_obj6_r3d,029_obj6_r3d,013_obj6_r3d,029_obj6_r3d
030,1,2026-07-16T05:35:19.858094,013_obj6_mc3,030_obj6_mc3,013_obj6_mc3,030_obj6_mc3
031,2,2026-07-16T07:17:54.883165,013_obj6_focal,031_obj6_focal,013_obj6_focal,031_obj6_focal
032,2,2026-07-16T09:55:18.250182,013_obj6_4ch,032_obj6_4ch,013_obj6_4ch,032_obj6_4ch
033,2,2026-07-16T14:54:59.608402,020_ema_smoke,033_ema_smoke,,
034,2,2026-07-16T16:36:55.008619,020_ema,034_ema,020_ema,034_ema
035,2,2026-07-16T18:22:06.622204,021_freezebn,035_freezebn,021_freezebn,035_freezebn
036,2,2026-07-16T18:29:25.461355,023_resnetgru_smoke,036_resnetgru_smoke,,
037,2,2026-07-16T20:03:37.921429,023_resnetgru,037_resnetgru,023_resnetgru,037_resnetgru
038,2,2026-07-16T20:20:44.936096,024_res160_smoke,038_res160_smoke,,
039,2,2026-07-16T23:05:04.286735,024_res160,039_res160,024_res160,039_res160
040,2,2026-07-16T23:18:05.826770,027_snapshot_qsmoke,040_snapshot_qsmoke,,
041,2,2026-07-17T01:55:48.008493,027_snapshot,041_snapshot,027_snapshot,041_snapshot
042,2,2026-07-17T02:03:45.540217,025_bnadapt_qsmoke,042_bnadapt_qsmoke,,
043,2,2026-07-17T03:44:35.662311,025_bnadapt,043_bnadapt,025_bnadapt,043_bnadapt
044,2,2026-07-17T03:52:36.465622,028_seqflow_qsmoke,044_seqflow_qsmoke,,
045,2,2026-07-17T05:35:07.376128,028_seqflow,045_seqflow,028_seqflow,045_seqflow
046,2,2026-07-17T05:43:10.003100,026_erase_qsmoke,046_erase_qsmoke,,
047,2,2026-07-17T07:25:38.114415,026_erase,047_erase,026_erase,047_erase
048,2,2026-07-17T07:44:46.622266,029_noweight_qsmoke,048_noweight_qsmoke,,
049,2,2026-07-17T09:25:39.790871,029_noweight,049_noweight,029_noweight,049_noweight
050,2,2026-07-18T23:55:24.497732,030_vivit_rgb_qsmoke,050_vivit_rgb_qsmoke,,
051,2,2026-07-19T17:45:00.735387,030_vivit_rgb,051_vivit_rgb,030_vivit_rgb,051_vivit_rgb
052,2,2026-07-20T11:36:39.236146,033_vivit_flow,052_vivit_flow,033_vivit_flow,052_vivit_flow
053,2,2026-07-20T13:47:10.489312,034_r3d_diff,053_r3d_diff,034_r3d_diff,053_r3d_diff
054,2,2026-07-20T15:09:34.374061,035_r3d_diff_randstart,054_r3d_diff_randstart,035_r3d_diff_randstart,054_r3d_diff_randstart
055,2,2026-07-20T16:52:15.726484,036_r3d_diff_res128,055_r3d_diff_res128,036_r3d_diff_res128,055_r3d_diff_res128
056,2,2026-07-20T18:13:52.826081,037_r3d_diff_evalshift,056_r3d_diff_evalshift,037_r3d_diff_evalshift,056_r3d_diff_evalshift
057,2,2026-07-20T20:16:03.660881,038_mc3_diff,057_mc3_diff,038_mc3_diff,057_mc3_diff
058,2,2026-07-20T22:47:49.760868,039_r2plus1d_diff,058_r2plus1d_diff,039_r2plus1d_diff,058_r2plus1d_diff
059,2,2026-07-22T14:13:08.241564,014_r3d_v2_dev_smoke2,059_r3d_v2_dev_smoke2,014_r3d,059_r3d
060,2,2026-07-22T14:42:24.468726,014_r3d_v2_dev,060_r3d_v2_dev,014_r3d,060_r3d
061,2,2026-07-22T14:55:15.876052,014_r3d_v2_dev_p5,061_r3d_v2_dev_p5,014_r3d,061_r3d
062,2,2026-07-22T15:29:48.082879,040_r3d_flow_comp_v2_dev_p5,062_r3d_flow_comp_v2_dev_p5,040_r3d_flow_comp,062_r3d_flow_comp
063,2,2026-07-22T15:38:22.571310,100_fusion_baseline_iter40_90_10,063_fusion_baseline_iter40_90_10,,
064,2,2026-07-22T15:38:22.665309,100_fusion_baseline_iter40_70_30,064_fusion_baseline_iter40_70_30,,
065,2,2026-07-22T15:38:23.819576,100_fusion_baseline_iter40_80_20,065_fusion_baseline_iter40_80_20,,
066,3,2026-07-22T16:05:53.666665,043_r3d_onset_apex_corrected_v2_dev_p5,066_r3d_onset_apex_corrected_v2_dev_p5,043_r3d_onset_apex_corrected,066_r3d_onset_apex_corrected
067,3,2026-07-22T16:07:52.740396,100_fusion_baseline_iter43_25full_75apex,067_fusion_baseline_iter43_25full_75apex,,
068,3,2026-07-22T16:07:52.918394,100_fusion_baseline_iter43_50full_50apex,068_fusion_baseline_iter43_50full_50apex,,
069,3,2026-07-22T16:07:53.030396,100_fusion_baseline_iter43_75full_25apex,069_fusion_baseline_iter43_75full_25apex,,
070,3,2026-07-22T16:48:13.671337,044_r3d_res160_protocol_v2_dev_p5,070_r3d_res160_protocol_v2_dev_p5,044_r3d_res160_protocol,070_r3d_res160_protocol
071,3,2026-07-22T16:49:20.473991,100_fusion_champion_iter44_80_20,071_fusion_champion_iter44_80_20,,
072,3,2026-07-22T16:49:20.478014,100_fusion_champion_iter44_90_10,072_fusion_champion_iter44_90_10,,
073,3,2026-07-22T17:17:37.329993,028_seqflow_v2_dev_p5,073_seqflow_v2_dev_p5,028_seqflow,073_seqflow
074,3,2026-07-22T17:18:27.850225,100_fusion_champion_seqflow_95_05,074_fusion_champion_seqflow_95_05,,
075,3,2026-07-22T17:49:28.370904,020_ema_v2_dev_p5,075_ema_v2_dev_p5,020_ema,075_ema
076,3,2026-07-22T17:50:18.010244,100_fusion_champion_ema_80_20,076_fusion_champion_ema_80_20,,
077,3,2026-07-22T17:50:18.018244,100_fusion_champion_ema_90_10,077_fusion_champion_ema_90_10,,
078,3,2026-07-22T18:20:23.981833,014_r3d_s123_v2_dev_p5,078_r3d_s123_v2_dev_p5,014_r3d_s123,078_r3d_s123
079,3,2026-07-22T18:48:35.439111,045_r3d_onset_apex_s123_v2_dev_p5,079_r3d_onset_apex_s123_v2_dev_p5,045_r3d_onset_apex_s123,079_r3d_onset_apex_s123
080,3,2026-07-22T18:49:26.157060,100_fusion_full_seed42_123_50_50,080_fusion_full_seed42_123_50_50,,
081,3,2026-07-22T18:49:26.251517,100_fusion_temporal_s123_50_50,081_fusion_temporal_s123_50_50,,
082,3,2026-07-22T18:49:26.495316,100_fusion_apex_seed42_123_50_50,082_fusion_apex_seed42_123_50_50,,
083,3,2026-07-22T18:51:56.872521,100_fusion_champion42_plus_apexensemble_50_50,083_fusion_champion42_plus_apexensemble_50_50,,
084,3,2026-07-22T18:52:11.956834,100_fusion_temporal_seed42_123_equal4,084_fusion_temporal_seed42_123_equal4,,
085,3,2026-07-22T19:21:31.534006,014_r3d_s2024_v2_dev_v2_dev_p5,085_r3d_s2024_v2_dev_v2_dev_p5,014_r3d_s2024,085_r3d_s2024
086,3,2026-07-22T19:22:37.569214,100_fusion_full_seed42_123_2024_equal,086_fusion_full_seed42_123_2024_equal,,
087,3,2026-07-22T19:47:38.257564,046_r3d_onset_apex_s2024_v2_dev_p5,087_r3d_onset_apex_s2024_v2_dev_p5,046_r3d_onset_apex_s2024,087_r3d_onset_apex_s2024
088,3,2026-07-22T19:48:48.862214,100_fusion_temporal_s2024_50_50,088_fusion_temporal_s2024_50_50,,
089,3,2026-07-22T19:49:04.236265,100_fusion_apex_seed42_123_2024_equal,089_fusion_apex_seed42_123_2024_equal,,
090,3,2026-07-22T19:49:18.183772,100_fusion_temporal_seed42_123_2024_equal6,090_fusion_temporal_seed42_123_2024_equal6,,
091,3,2026-07-22T20:20:38.077791,047_r3d_auto_apex_s42_v2_dev_p5,091_r3d_auto_apex_s42_v2_dev_p5,047_r3d_auto_apex_s42,091_r3d_auto_apex_s42
092,3,2026-07-23T14:25:18.603470,047c_r3d_oracle_apex_reuse_s42_v2_dev_p5,092_r3d_oracle_apex_reuse_s42_v2_dev_p5,047c_r3d_oracle_apex_reuse_s42,092_r3d_oracle_apex_reuse_s42
093,3,2026-07-23T14:27:49.921103,047b_r3d_auto_apex_cap65_s42_v2_dev_p5,093_r3d_auto_apex_cap65_s42_v2_dev_p5,047b_r3d_auto_apex_cap65_s42,093_r3d_auto_apex_cap65_s42
094,3,2026-07-23T14:29:18.077522,048_r3d_multihyp_apex_s42_v2_dev_p5,094_r3d_multihyp_apex_s42_v2_dev_p5,048_r3d_multihyp_apex_s42,094_r3d_multihyp_apex_s42
095,3,2026-07-23T14:32:45.396301,048b_r3d_multihyp15_apex_s42_v2_dev_p5,095_r3d_multihyp15_apex_s42_v2_dev_p5,048b_r3d_multihyp15_apex_s42,095_r3d_multihyp15_apex_s42
096,3,2026-07-23T14:33:05.574996,100_fusion_deployable_50full_50auto47,096_fusion_deployable_50full_50auto47,,
097,3,2026-07-23T14:33:09.057664,100_fusion_deployable_50full_50multihyp48b,097_fusion_deployable_50full_50multihyp48b,,
098,3,2026-07-23T18:02:10.778878,052_r3d_auto_apex_onsetlate10_s42_v2_dev_p5,098_r3d_auto_apex_onsetlate10_s42_v2_dev_p5,052_r3d_auto_apex_onsetlate10_s42,098_r3d_auto_apex_onsetlate10_s42
099,3,2026-07-23T18:05:04.590942,052_r3d_auto_apex_onsetlate20_s42_v2_dev_p5,099_r3d_auto_apex_onsetlate20_s42_v2_dev_p5,052_r3d_auto_apex_onsetlate20_s42,099_r3d_auto_apex_onsetlate20_s42
100,3,2026-07-23T18:07:55.911383,052_r3d_auto_apex_onsetlate30_s42_v2_dev_p5,100_r3d_auto_apex_onsetlate30_s42_v2_dev_p5,052_r3d_auto_apex_onsetlate30_s42,100_r3d_auto_apex_onsetlate30_s42
101,4,2026-07-23T18:10:55.451611,014_r3d_v2_dev_p5ck,101_r3d_v2_dev_p5ck,014_r3d,101_r3d
102,4,2026-07-23T18:26:20.966396,041_r3d_hq_stabilized_v2_dev_p5,102_r3d_hq_stabilized_v2_dev_p5,041_r3d_hq_stabilized,102_r3d_hq_stabilized
103,4,2026-07-23T18:44:38.161931,049_r3d_face_roi_s42_v2_dev_p5,103_r3d_face_roi_s42_v2_dev_p5,049_r3d_face_roi_s42,103_r3d_face_roi_s42
104,4,2026-07-23T18:44:58.141913,053_r3d_auto_apex_smooth2_s42_v2_dev_p5,104_r3d_auto_apex_smooth2_s42_v2_dev_p5,053_r3d_auto_apex_smooth2_s42,104_r3d_auto_apex_smooth2_s42
105,4,2026-07-23T18:47:36.527489,053_r3d_auto_apex_smooth4_s42_v2_dev_p5,105_r3d_auto_apex_smooth4_s42_v2_dev_p5,053_r3d_auto_apex_smooth4_s42,105_r3d_auto_apex_smooth4_s42
106,4,2026-07-23T18:50:12.576587,053_r3d_auto_apex_smooth6_s42_v2_dev_p5,106_r3d_auto_apex_smooth6_s42_v2_dev_p5,053_r3d_auto_apex_smooth6_s42,106_r3d_auto_apex_smooth6_s42
107,4,2026-07-23T18:52:50.607383,053_r3d_auto_apex_smooth10_s42_v2_dev_p5,107_r3d_auto_apex_smooth10_s42_v2_dev_p5,053_r3d_auto_apex_smooth10_s42,107_r3d_auto_apex_smooth10_s42
108,4,2026-07-23T19:00:49.128280,050_r3d_auto_apex_s123_v2_dev_p5,108_r3d_auto_apex_s123_v2_dev_p5,050_r3d_auto_apex_s123,108_r3d_auto_apex_s123
109,4,2026-07-23T19:16:09.963624,051_r3d_auto_apex_s2024_v2_dev_p5,109_r3d_auto_apex_s2024_v2_dev_p5,051_r3d_auto_apex_s2024,109_r3d_auto_apex_s2024
110,4,2026-07-23T19:40:29.679837,054_r3d_auto_apex_s7_v2_dev_p5,110_r3d_auto_apex_s7_v2_dev_p5,054_r3d_auto_apex_s7,110_r3d_auto_apex_s7
111,4,2026-07-23T19:54:51.751177,055_r3d_auto_apex_s2025_v2_dev_p5,111_r3d_auto_apex_s2025_v2_dev_p5,055_r3d_auto_apex_s2025,111_r3d_auto_apex_s2025
112,4,2026-07-23T21:44:16.774279,056_g1_user_s42_v2_dev_p5,112_g1_user_s42_v2_dev_p5,056_g1_user_s42,112_g1_user_s42
113,4,2026-07-23T21:57:07.546029,056_g1_user_s123_v2_dev_p5,113_g1_user_s123_v2_dev_p5,056_g1_user_s123,113_g1_user_s123
114,4,2026-07-23T22:09:41.124720,056_g1_user_s2024_v2_dev_p5,114_g1_user_s2024_v2_dev_p5,056_g1_user_s2024,114_g1_user_s2024
115,4,2026-07-23T22:22:01.941667,056_g2_disgust_others_s42_v2_dev_p5,115_g2_disgust_others_s42_v2_dev_p5,056_g2_disgust_others_s42,115_g2_disgust_others_s42
116,4,2026-07-23T22:34:21.065366,056_g2_disgust_others_s123_v2_dev_p5,116_g2_disgust_others_s123_v2_dev_p5,056_g2_disgust_others_s123,116_g2_disgust_others_s123
117,4,2026-07-23T22:48:17.862491,056_g2_disgust_others_s2024_v2_dev_p5,117_g2_disgust_others_s2024_v2_dev_p5,056_g2_disgust_others_s2024,117_g2_disgust_others_s2024
118,4,2026-07-23T23:02:49.570355,056_g3_disgust_others_plus_s42_v2_dev_p5,118_g3_disgust_others_plus_s42_v2_dev_p5,056_g3_disgust_others_plus_s42,118_g3_disgust_others_plus_s42
119,4,2026-07-23T23:17:09.795741,056_g3_disgust_others_plus_s123_v2_dev_p5,119_g3_disgust_others_plus_s123_v2_dev_p5,056_g3_disgust_others_plus_s123,119_g3_disgust_others_plus_s123
120,4,2026-07-23T23:31:37.441882,056_g3_disgust_others_plus_s2024_v2_dev_p5,120_g3_disgust_others_plus_s2024_v2_dev_p5,056_g3_disgust_others_plus_s2024,120_g3_disgust_others_plus_s2024
121,4,2026-08-03T10:33:56.565409,058_r3d_earlystop_s42_v2_dev_p5,121_r3d_earlystop_s42_v2_dev_p5,058_r3d_earlystop_s42,121_r3d_earlystop_s42
122,4,2026-08-03T10:48:27.514688,059_r3d_llrd_s42_v2_dev_p5,122_r3d_llrd_s42_v2_dev_p5,059_r3d_llrd_s42,122_r3d_llrd_s42
123,4,2026-08-03T11:02:30.560593,060_r3d_unfreeze_s42_v2_dev_p5,123_r3d_unfreeze_s42_v2_dev_p5,060_r3d_unfreeze_s42,123_r3d_unfreeze_s42
124,4,2026-08-03T11:33:02.946748,061_r3d_ep60_s42_v2_dev_p5,124_r3d_ep60_s42_v2_dev_p5,061_r3d_ep60_s42,124_r3d_ep60_s42
125,4,2026-08-03T11:44:08.910141,062_r3d_es_llrd_s42_v2_dev_p5,125_r3d_es_llrd_s42_v2_dev_p5,062_r3d_es_llrd_s42,125_r3d_es_llrd_s42
126,4,2026-08-03T11:54:33.132629,063_r3d_es_bigcheck_s42_v2_dev_p5,126_r3d_es_bigcheck_s42_v2_dev_p5,063_r3d_es_bigcheck_s42,126_r3d_es_bigcheck_s42
127,4,2026-08-03T12:06:23.484994,064_r3d_es_loss_s42_v2_dev_p5,127_r3d_es_loss_s42_v2_dev_p5,064_r3d_es_loss_s42,127_r3d_es_loss_s42
128,4,2026-08-03T12:20:04.422976,065_r3d_es_leaky_diag_s42_v2_dev_p5,128_r3d_es_leaky_diag_s42_v2_dev_p5,065_r3d_es_leaky_diag_s42,128_r3d_es_leaky_diag_s42
129,4,2026-08-03T12:32:43.707323,066_r3d_es_leaky_llrd_diag_s42_v2_dev_p5,129_r3d_es_leaky_llrd_diag_s42_v2_dev_p5,066_r3d_es_leaky_llrd_diag_s42,129_r3d_es_leaky_llrd_diag_s42
130,4,2026-08-03T12:46:33.763290,067_r3d_faceparse_full_s42_v2_dev_p5,130_r3d_faceparse_full_s42_v2_dev_p5,067_r3d_faceparse_full_s42,130_r3d_faceparse_full_s42
131,4,2026-08-03T13:03:25.266412,068_r3d_faceparse_autoapex_s42_v2_dev_p5,131_r3d_faceparse_autoapex_s42_v2_dev_p5,068_r3d_faceparse_autoapex_s42,131_r3d_faceparse_autoapex_s42
132,4,2026-08-03T13:32:09.684210,069_r3d_es_refit_s42_v2_dev_p5,132_r3d_es_refit_s42_v2_dev_p5,069_r3d_es_refit_s42,132_r3d_es_refit_s42
133,4,2026-08-03T13:50:54.927196,070_r3d_es_refit_uf1_s42_v2_dev_p5,133_r3d_es_refit_uf1_s42_v2_dev_p5,070_r3d_es_refit_uf1_s42,133_r3d_es_refit_uf1_s42
134,4,2026-08-03T14:08:09.451088,071_r3d_es_refit_llrd_s42_v2_dev_p5,134_r3d_es_refit_llrd_s42_v2_dev_p5,071_r3d_es_refit_llrd_s42,134_r3d_es_refit_llrd_s42
135,4,2026-08-03T14:22:51.396007,072_r3d_lastk5_s42_v2_dev_p5,135_r3d_lastk5_s42_v2_dev_p5,072_r3d_lastk5_s42,135_r3d_lastk5_s42
136,5,2026-08-03T14:39:20.663996,073_r3d_lastk8_s42_v2_dev_p5,136_r3d_lastk8_s42_v2_dev_p5,073_r3d_lastk8_s42,136_r3d_lastk8_s42
137,5,2026-08-03T15:02:13.041392,074_r3d_lastk8_ep40_s42_v2_dev_p5,137_r3d_lastk8_ep40_s42_v2_dev_p5,074_r3d_lastk8_ep40_s42,137_r3d_lastk8_ep40_s42
138,5,2026-08-03T15:22:18.213436,075_r3d_snapshot3_s42_v2_dev_p5,138_r3d_snapshot3_s42_v2_dev_p5,075_r3d_snapshot3_s42,138_r3d_snapshot3_s42
139,5,2026-08-03T15:35:24.131582,076_r3d_au02_full_s42_v2_dev_p5,139_r3d_au02_full_s42_v2_dev_p5,076_r3d_au02_full_s42,139_r3d_au02_full_s42
140,5,2026-08-03T15:48:08.493243,077_r3d_au05_full_s42_v2_dev_p5,140_r3d_au05_full_s42_v2_dev_p5,077_r3d_au05_full_s42,140_r3d_au05_full_s42
141,5,2026-08-03T16:01:38.588684,078_r3d_au10_full_s42_v2_dev_p5,141_r3d_au10_full_s42_v2_dev_p5,078_r3d_au10_full_s42,141_r3d_au10_full_s42
142,5,2026-08-03T16:18:04.451003,079_r3d_au05_autoapex_s42_v2_dev_p5,142_r3d_au05_autoapex_s42_v2_dev_p5,079_r3d_au05_autoapex_s42,142_r3d_au05_autoapex_s42
143,5,2026-08-03T16:40:40.650416,080_r3d_lastk8_ep40_s123_v2_dev_p5,143_r3d_lastk8_ep40_s123_v2_dev_p5,080_r3d_lastk8_ep40_s123,143_r3d_lastk8_ep40_s123
144,5,2026-08-03T17:03:31.765680,081_r3d_lastk8_ep40_s2024_v2_dev_p5,144_r3d_lastk8_ep40_s2024_v2_dev_p5,081_r3d_lastk8_ep40_s2024,144_r3d_lastk8_ep40_s2024
145,5,2026-08-03T17:31:27.489666,082_r3d_lastk8_ep40_autoapex_s42_v2_dev_p5,145_r3d_lastk8_ep40_autoapex_s42_v2_dev_p5,082_r3d_lastk8_ep40_autoapex_s42,145_r3d_lastk8_ep40_autoapex_s42
146,5,2026-08-03T18:39:23.040943,014_r3d_v2_dev_loso_dev_p5,146_r3d_v2_dev_loso_dev_p5,014_r3d,146_r3d
147,5,2026-08-03T19:51:15.839266,047_r3d_auto_apex_s42_v2_dev_loso_dev_p5,147_r3d_auto_apex_s42_v2_dev_loso_dev_p5,047_r3d_auto_apex_s42,147_r3d_auto_apex_s42
148,5,2026-08-03T21:41:31.152740,074_r3d_lastk8_ep40_s42_v2_dev_loso_dev_p5,148_r3d_lastk8_ep40_s42_v2_dev_loso_dev_p5,074_r3d_lastk8_ep40_s42,148_r3d_lastk8_ep40_s42
149,5,2026-08-03T22:53:08.711285,077_r3d_au05_full_s42_v2_dev_loso_dev_p5,149_r3d_au05_full_s42_v2_dev_loso_dev_p5,077_r3d_au05_full_s42,149_r3d_au05_full_s42
150,5,2026-08-04T00:26:27.582983,069_r3d_es_refit_s42_v2_dev_loso_dev_p5,150_r3d_es_refit_s42_v2_dev_loso_dev_p5,069_r3d_es_refit_s42,150_r3d_es_refit_s42
151,5,2026-08-04T01:38:00.189145,059_r3d_llrd_s42_v2_dev_loso_dev_p5,151_r3d_llrd_s42_v2_dev_loso_dev_p5,059_r3d_llrd_s42,151_r3d_llrd_s42
152,5,2026-08-04T04:26:22.929444,061_r3d_ep60_s42_v2_dev_loso_dev_p5,152_r3d_ep60_s42_v2_dev_loso_dev_p5,061_r3d_ep60_s42,152_r3d_ep60_s42
153,5,2026-08-04T05:37:32.625917,067_r3d_faceparse_full_s42_v2_dev_loso_dev_p5,153_r3d_faceparse_full_s42_v2_dev_loso_dev_p5,067_r3d_faceparse_full_s42,153_r3d_faceparse_full_s42
154,5,2026-08-04T05:48:57.077626,085_resnetgru_full_s42_v2_dev_p5,154_resnetgru_full_s42_v2_dev_p5,085_resnetgru_full_s42,154_resnetgru_full_s42
155,5,2026-08-04T06:01:41.880082,086_resnetgru_autoapex_s42_v2_dev_p5,155_resnetgru_autoapex_s42_v2_dev_p5,086_resnetgru_autoapex_s42,155_resnetgru_autoapex_s42
156,5,2026-08-04T06:15:21.184026,083_r3d_au01_full_s42_v2_dev_p5,156_r3d_au01_full_s42_v2_dev_p5,083_r3d_au01_full_s42,156_r3d_au01_full_s42
157,5,2026-08-04T06:31:39.396395,084_r3d_au02_autoapex_s42_v2_dev_p5,157_r3d_au02_autoapex_s42_v2_dev_p5,084_r3d_au02_autoapex_s42,157_r3d_au02_autoapex_s42
158,5,2026-08-04T07:42:59.331238,076_r3d_au02_full_s42_v2_dev_loso_dev_p5,158_r3d_au02_full_s42_v2_dev_loso_dev_p5,076_r3d_au02_full_s42,158_r3d_au02_full_s42
159,5,2026-08-04T09:02:50.416094,087_mc3_full_s42_v2_dev_loso_dev_p5,159_mc3_full_s42_v2_dev_loso_dev_p5,087_mc3_full_s42,159_mc3_full_s42
160,5,2026-08-04T11:11:15.087805,088_r2plus1d_full_s42_v2_dev_loso_dev_p5,160_r2plus1d_full_s42_v2_dev_loso_dev_p5,088_r2plus1d_full_s42,160_r2plus1d_full_s42
161,5,2026-08-04T12:10:25.105120,086_resnetgru_autoapex_s42_v2_dev_loso_dev_p5,161_resnetgru_autoapex_s42_v2_dev_loso_dev_p5,086_resnetgru_autoapex_s42,161_resnetgru_autoapex_s42
162,5,2026-08-04T13:02:04.491637,085_resnetgru_full_s42_v2_dev_loso_dev_p5,162_resnetgru_full_s42_v2_dev_loso_dev_p5,085_resnetgru_full_s42,162_resnetgru_full_s42
163,5,2026-08-04T14:16:57.087591,089_r3d_regionattn_full_s42_v2_dev_loso_dev_p5,163_r3d_regionattn_full_s42_v2_dev_loso_dev_p5,089_r3d_regionattn_full_s42,163_r3d_regionattn_full_s42
164,5,2026-08-04T15:35:36.759292,090_r3d_regionattn_apex_s42_v2_dev_loso_dev_p5,164_r3d_regionattn_apex_s42_v2_dev_loso_dev_p5,090_r3d_regionattn_apex_s42,164_r3d_regionattn_apex_s42
165,5,2026-08-04T16:52:03.357357,091_r3d_regionattn_dyn_s42_v2_dev_loso_dev_p5,165_r3d_regionattn_dyn_s42_v2_dev_loso_dev_p5,091_r3d_regionattn_dyn_s42,165_r3d_regionattn_dyn_s42
166,5,2026-08-04T18:03:56.873010,092_r3d_nocheek_full_s42_v2_dev_loso_dev_p5,166_r3d_nocheek_full_s42_v2_dev_loso_dev_p5,092_r3d_nocheek_full_s42,166_r3d_nocheek_full_s42
167,5,2026-08-04T19:15:21.664665,093_r3d_auroi_full_s42_v2_dev_loso_dev_p5,167_r3d_auroi_full_s42_v2_dev_loso_dev_p5,093_r3d_auroi_full_s42,167_r3d_auroi_full_s42
168,5,2026-08-04T20:28:53.357283,094_r3d_auroi_apex_s42_v2_dev_loso_dev_p5,168_r3d_auroi_apex_s42_v2_dev_loso_dev_p5,094_r3d_auroi_apex_s42,168_r3d_auroi_apex_s42
169,5,2026-08-04T21:50:15.670034,096_r3d_focus_region_full_s42_v2_dev_loso_dev_p5,169_r3d_focus_region_full_s42_v2_dev_loso_dev_p5,096_r3d_focus_region_full_s42,169_r3d_focus_region_full_s42
170,5,2026-08-04T23:10:47.927714,095_r3d_focus_energy_full_s42_v2_dev_loso_dev_p5,170_r3d_focus_energy_full_s42_v2_dev_loso_dev_p5,095_r3d_focus_energy_full_s42,170_r3d_focus_energy_full_s42
171,6,2026-08-05T00:34:04.478281,097_r3d_focus_region_apex_s42_v2_dev_loso_dev_p5,171_r3d_focus_region_apex_s42_v2_dev_loso_dev_p5,097_r3d_focus_region_apex_s42,171_r3d_focus_region_apex_s42
172,6,2026-08-05T02:29:13.670743,098_r3d_focus_es_full_s42_v2_dev_loso_dev_p5,172_r3d_focus_es_full_s42_v2_dev_loso_dev_p5,098_r3d_focus_es_full_s42,172_r3d_focus_es_full_s42
173,6,2026-08-05T04:45:51.139527,099_r3d_focus_es_apex_s42_v2_dev_loso_dev_p5,173_r3d_focus_es_apex_s42_v2_dev_loso_dev_p5,099_r3d_focus_es_apex_s42,173_r3d_focus_es_apex_s42
174,6,2026-08-05T06:02:21.147288,100_r3d_regionattn_s123_v2_dev_loso_dev_p5,174_r3d_regionattn_s123_v2_dev_loso_dev_p5,100_r3d_regionattn_s123,174_r3d_regionattn_s123
175,6,2026-08-05T07:16:49.523190,101_r3d_regionattn_s2024_v2_dev_loso_dev_p5,175_r3d_regionattn_s2024_v2_dev_loso_dev_p5,101_r3d_regionattn_s2024,175_r3d_regionattn_s2024
176,6,2026-08-05T08:31:47.924643,102_r3d_regionattn_s7_v2_dev_loso_dev_p5,176_r3d_regionattn_s7_v2_dev_loso_dev_p5,102_r3d_regionattn_s7,176_r3d_regionattn_s7
177,6,2026-08-05T09:41:50.055666,014_r3d_s123_loso_v2_dev_loso_dev_p5,177_r3d_s123_loso_v2_dev_loso_dev_p5,014_r3d_s123_loso,177_r3d_s123_loso
178,6,2026-08-05T10:49:55.423105,014_r3d_s2024_loso_v2_dev_loso_dev_p5,178_r3d_s2024_loso_v2_dev_loso_dev_p5,014_r3d_s2024_loso,178_r3d_s2024_loso
179,6,2026-08-05T11:57:34.115941,014_r3d_s7_loso_v2_dev_loso_dev_p5,179_r3d_s7_loso_v2_dev_loso_dev_p5,014_r3d_s7_loso,179_r3d_s7_loso
180,6,2026-08-05T22:39:01.391611,014_r3d_v2_dev_loso_all_p5,180_r3d_v2_dev_loso_all_p5,014_r3d,180_r3d
181,6,2026-08-06T00:33:12.323672,089_r3d_regionattn_full_s42_v2_dev_loso_all_p5,181_r3d_regionattn_full_s42_v2_dev_loso_all_p5,089_r3d_regionattn_full_s42,181_r3d_regionattn_full_s42
182,6,2026-08-06T02:35:04.007162,096_r3d_focus_region_full_s42_v2_dev_loso_all_p5,182_r3d_focus_region_full_s42_v2_dev_loso_all_p5,096_r3d_focus_region_full_s42,182_r3d_focus_region_full_s42
183,6,2026-08-06T05:54:06.276085,098_r3d_focus_es_full_s42_v2_dev_loso_all_p5,183_r3d_focus_es_full_s42_v2_dev_loso_all_p5,098_r3d_focus_es_full_s42,183_r3d_focus_es_full_s42
184,6,2026-08-06T07:45:44.005462,047_r3d_auto_apex_s42_v2_dev_loso_all_p5,184_r3d_auto_apex_s42_v2_dev_loso_all_p5,047_r3d_auto_apex_s42,184_r3d_auto_apex_s42
185,6,2026-08-06T10:41:11.284674,074_r3d_lastk8_ep40_s42_v2_dev_loso_all_p5,185_r3d_lastk8_ep40_s42_v2_dev_loso_all_p5,074_r3d_lastk8_ep40_s42,185_r3d_lastk8_ep40_s42
186,6,2026-08-06T12:27:56.644187,059_r3d_llrd_s42_v2_dev_loso_all_p5,186_r3d_llrd_s42_v2_dev_loso_all_p5,059_r3d_llrd_s42,186_r3d_llrd_s42
187,6,2026-08-06T14:15:12.134647,067_r3d_faceparse_full_s42_v2_dev_loso_all_p5,187_r3d_faceparse_full_s42_v2_dev_loso_all_p5,067_r3d_faceparse_full_s42,187_r3d_faceparse_full_s42
188,6,2026-08-06T16:02:51.304383,077_r3d_au05_full_s42_v2_dev_loso_all_p5,188_r3d_au05_full_s42_v2_dev_loso_all_p5,077_r3d_au05_full_s42,188_r3d_au05_full_s42
189,6,2026-08-06T18:21:34.508516,069_r3d_es_refit_s42_v2_dev_loso_all_p5,189_r3d_es_refit_s42_v2_dev_loso_all_p5,069_r3d_es_refit_s42,189_r3d_es_refit_s42
190,6,2026-08-06T20:50:37.039221,088_r2plus1d_full_s42_v2_dev_loso_all_p5,190_r2plus1d_full_s42_v2_dev_loso_all_p5,088_r2plus1d_full_s42,190_r2plus1d_full_s42
191,6,2026-08-06T22:49:30.711322,095_r3d_focus_energy_full_s42_v2_dev_loso_all_p5,191_r3d_focus_energy_full_s42_v2_dev_loso_all_p5,095_r3d_focus_energy_full_s42,191_r3d_focus_energy_full_s42
192,6,2026-08-06T22:49:36.819610,100_fusion10_loso26,192_fusion10_loso26,,
193,6,2026-08-07T00:00:43.103109,103_resnetgru_nopretrain_full_s42_v2_dev_loso_all_p5,193_resnetgru_nopretrain_full_s42_v2_dev_loso_all_p5,103_resnetgru_nopretrain_full_s42,193_resnetgru_nopretrain_full_s42
194,6,2026-08-07T01:15:12.867342,104_resnetgru_nopretrain_apex_s42_v2_dev_loso_all_p5,194_resnetgru_nopretrain_apex_s42_v2_dev_loso_all_p5,104_resnetgru_nopretrain_apex_s42,194_resnetgru_nopretrain_apex_s42
195,6,2026-08-07T02:47:03.236574,105_focus_rnn_nopretrain_full_s42_v2_dev_loso_all_p5,195_focus_rnn_nopretrain_full_s42_v2_dev_loso_all_p5,105_focus_rnn_nopretrain_full_s42,195_focus_rnn_nopretrain_full_s42
196,6,2026-08-07T06:25:41.715061,106_focus_rnn_nopretrain_es_full_s42_v2_dev_loso_all_p5,196_focus_rnn_nopretrain_es_full_s42_v2_dev_loso_all_p5,106_focus_rnn_nopretrain_es_full_s42,196_focus_rnn_nopretrain_es_full_s42
