run,stem,protocol,split,role,complete,UF1,UAR,ACC,n_folds,n_subjects,n_samples,backbone,input_mode,img_size,T,lr,seed,epochs,elapsed_sec,time
001_smoke_smoke,smoke,protocol_v1,2-fold,dev,True,0.1476190476190476,0.2333333333333333,0.13636363636363635,2,0,22,r2plus1d_18,rgb,112.0,16.0,0.0001,42.0,3.0,59.6,2026-07-13T17:30:20.512519
002_baseline_r2plus1d,baseline_r2plus1d,protocol_v1,LOSO 26,dev,True,0.30053960501339905,0.3374025974025974,0.32926829268292684,26,0,246,r2plus1d_18,rgb,112.0,16.0,0.0001,42.0,25.0,6153.1,2026-07-13T19:13:29.999199
003_onsetref_r2plus1d,onsetref_r2plus1d,protocol_v1,LOSO 26,dev,True,0.5939443348627278,0.6044181096681097,0.5691056910569106,26,0,246,r2plus1d_18,onset_ref,112.0,16.0,0.0001,42.0,22.0,6155.3,2026-07-13T20:57:37.747964
004_flow_r2plus1d,flow_r2plus1d,protocol_v1,LOSO 26,dev,True,0.6601323157584502,0.6753483645983647,0.6382113821138211,26,0,246,r2plus1d_18,rgb,112.0,16.0,0.0001,42.0,25.0,5550.3,2026-07-13T22:30:41.614667
005_smoke_2stream_smoke,twostream_flow_onsetref,protocol_v1,2-fold,dev,True,0.486031746031746,0.5399999999999999,0.45454545454545453,2,0,22,r2plus1d_18,rgb,112.0,16.0,0.0001,42.0,3.0,120.8,2026-07-13T22:36:28.156173
006_twostream_flow_onsetref,twostream_flow_onsetref,protocol_v1,LOSO 26,dev,True,0.6390097677769302,0.6586873496873495,0.6260162601626016,26,0,246,r2plus1d_18,rgb,112.0,16.0,0.0001,42.0,25.0,12071.4,2026-07-14T01:59:15.776057
007_flow_apex_tta,flow_apex_tta,protocol_v1,LOSO 26,dev,True,0.3580596229908273,0.3586706349206349,0.4349593495934959,26,0,246,r2plus1d_18,rgb,112.0,16.0,0.0001,42.0,25.0,5705.1,2026-07-14T03:37:30.074548
008_flow_tta_lastk,flow_tta_lastk,protocol_v1,LOSO 26,dev,True,0.33170881136222163,0.3421456228956229,0.4268292682926829,26,0,246,r2plus1d_18,rgb,112.0,16.0,0.0001,42.0,28.0,6525.4,2026-07-14T05:27:34.899109
009_smoke_tta_smoke,smoke_tta,protocol_v1,2-fold,dev,True,0.45809523809523817,0.62,0.45454545454545453,2,0,22,r2plus1d_18,rgb,112.0,16.0,0.0001,42.0,6.0,110.7,2026-07-14T05:30:44.841342
010_flow_ensemble_tta,flow_ensemble_tta,protocol_v1,0-fold,dev,True,0.6951297518690003,0.716025974025974,0.6666666666666666,0,0,246,r2plus1d_18,rgb,112.0,16.0,0.0001,42.0,25.0,17595.0,
011_flow_t24,flow_T24,protocol_v1,LOSO 26,dev,True,0.6710907450117323,0.6923727753727753,0.6422764227642277,26,0,246,r2plus1d_18,rgb,112.0,24.0,0.0001,42.0,25.0,9740.1,2026-07-14T13:07:55.964456
012_flow_res128,flow_res128,protocol_v1,LOSO 26,dev,True,0.6907813838988428,0.6964007936507935,0.6747967479674797,26,0,246,r2plus1d_18,rgb,128.0,16.0,0.0001,42.0,25.0,8124.4,2026-07-14T15:24:25.198757
013_flow_res128_ensemble,flow_res128_ensemble,protocol_v1,0-fold,dev,True,0.7075682847652219,0.7212237854737855,0.6747967479674797,0,0,246,r2plus1d_18,rgb,128.0,16.0,0.0001,42.0,25.0,24034.3,
014_objective,objective_flow,protocol_v1,LOSO 26,dev,True,0.20185205998013878,0.29189042841216756,0.10588235294117647,26,0,255,r2plus1d_18,rgb,112.0,16.0,0.0001,42.0,25.0,6042.7,2026-07-14T23:47:10.085968
015_strain,flow_strain_res128,protocol_v1,LOSO 26,dev,True,0.6917779208543856,0.6922735690235691,0.6707317073170732,26,0,246,r2plus1d_18,rgb,128.0,16.0,0.0001,42.0,25.0,7979.4,2026-07-15T02:00:38.367231
016_4ch,flow_4ch_res128,protocol_v1,LOSO 26,dev,True,0.6737345919800282,0.6736107503607502,0.6463414634146342,26,0,246,r2plus1d_18,rgb,128.0,16.0,0.0001,42.0,25.0,9348.1,2026-07-15T11:53:42.495229
017_r3d,r3d_res128,protocol_v1,LOSO 26,dev,True,0.7144752667157961,0.7207397787397788,0.6869918699186992,26,0,246,r3d_18,rgb,128.0,16.0,0.0001,42.0,25.0,7429.5,2026-07-15T13:58:48.938760
018_mag5,mag5_res112,protocol_v1,LOSO 26,dev,True,0.6819969017119221,0.7073431938431939,0.6747967479674797,26,0,246,r2plus1d_18,rgb,112.0,16.0,0.0001,42.0,25.0,7352.3,2026-07-15T16:02:26.615880
019_mag_r3d,mag_r3d_res128,protocol_v1,LOSO 26,dev,True,0.6826346453700048,0.71023556998557,0.6585365853658537,26,0,246,r3d_18,rgb,128.0,16.0,0.0001,42.0,25.0,6648.5,2026-07-15T17:54:18.423940
020_mc3,mc3_res128,protocol_v1,LOSO 26,dev,True,0.6990102678186294,0.7198706108706109,0.6747967479674797,26,0,246,mc3_18,rgb,128.0,16.0,0.0001,42.0,25.0,6669.5,2026-07-15T19:46:21.071507
021_smoke_focal_smoke,smoke_focal,protocol_v1,2-fold,dev,True,0.5414285714285714,0.6,0.5454545454545454,2,0,22,r3d_18,rgb,128.0,16.0,0.0001,42.0,4.0,83.3,2026-07-15T19:48:14.396617
022_focal,focal_r3d,protocol_v1,LOSO 26,dev,True,0.6919171424570296,0.7026447811447811,0.6788617886178862,26,0,246,r3d_18,rgb,128.0,16.0,0.0001,42.0,25.0,6170.4,2026-07-15T21:31:20.381783
023_apex_ststnet_smoke,apex_ststnet,protocol_v1,0-fold,dev,True,0.20555555555555555,0.22999999999999998,0.20689655172413793,0,0,0,,,64.0,,0.001,42.0,60.0,45.3,
024_apex_shallowcnn_smoke,apex_shallowcnn,protocol_v1,0-fold,dev,True,0.504029304029304,0.5133333333333333,0.5517241379310345,0,0,0,,,64.0,,0.001,42.0,80.0,61.8,
025_apex_shallowcnn,apex_shallowcnn,protocol_v1,0-fold,dev,True,0.5454530834133715,0.5679139009139009,0.5203252032520326,0,0,0,,,64.0,,0.001,42.0,80.0,458.7,
026_r3d_s123,r3d_s123,protocol_v1,LOSO 26,dev,True,0.6717796465610956,0.6849439634439634,0.6463414634146342,26,0,246,r3d_18,rgb,128.0,16.0,0.0001,123.0,25.0,5996.7,2026-07-15T23:41:00.692305
027_twostage_r3d_smoke,r3d_res128,protocol_v1,0-fold,dev,True,0.5707543664065403,0.58,0.6551724137931034,0,0,0,r3d_18,rgb,128.0,16.0,0.0001,42.0,25.0,1102.7,
028_mixup,mixup_r3d,protocol_v1,LOSO 26,dev,True,0.6669470009639715,0.694389971139971,0.6463414634146342,26,0,246,r3d_18,rgb,128.0,16.0,0.0001,42.0,25.0,5969.5,2026-07-16T01:46:34.417903
029_obj6_r3d,obj6_r3d_res128,protocol_v1,LOSO 26,dev,True,0.5573989432095058,0.5598616037746472,0.6771653543307087,26,0,254,r3d_18,rgb,128.0,16.0,0.0001,42.0,25.0,6001.1,2026-07-16T03:50:39.243841
030_obj6_mc3,obj6_mc3,protocol_v1,LOSO 26,dev,True,0.548901986436446,0.5524456944022161,0.6692913385826772,26,0,254,mc3_18,rgb,128.0,16.0,0.0001,42.0,25.0,6213.4,2026-07-16T05:35:19.858094
031_obj6_focal,obj6_focal,protocol_v1,LOSO 26,dev,True,0.49071608729404154,0.49159459702937963,0.6299212598425197,26,0,254,r3d_18,rgb,128.0,16.0,0.0001,42.0,25.0,6147.4,2026-07-16T07:17:54.883165
032_obj6_4ch,obj6_4ch,protocol_v1,LOSO 26,dev,True,0.5358411647458373,0.5460035133948177,0.6535433070866141,26,0,254,r2plus1d_18,rgb,128.0,16.0,0.0001,42.0,25.0,9435.4,2026-07-16T09:55:18.250182
033_ema_smoke,r3d_ema,protocol_v1,2-fold,dev,True,0.5654761904761905,0.62,0.5909090909090909,2,0,22,r3d_18,rgb,128.0,16.0,0.0001,42.0,25.0,512.8,2026-07-16T14:54:59.608402
034_ema,r3d_ema,protocol_v1,LOSO 26,dev,True,0.7093997571496822,0.731033189033189,0.6829268292682927,26,0,246,r3d_18,rgb,128.0,16.0,0.0001,42.0,25.0,6091.9,2026-07-16T16:36:55.008619
035_freezebn,r3d_freezebn,protocol_v1,LOSO 26,dev,True,0.5978440401631009,0.6187459114959115,0.573170731707317,26,0,246,r3d_18,rgb,128.0,16.0,0.0001,42.0,25.0,6266.7,2026-07-16T18:22:06.622204
036_resnetgru_smoke,resnetgru,protocol_v1,2-fold,dev,True,0.6171428571428572,0.7,0.6363636363636364,2,0,22,resnet_gru,rgb,128.0,16.0,0.0001,42.0,25.0,328.1,2026-07-16T18:29:25.461355
037_resnetgru,resnetgru,protocol_v1,LOSO 26,dev,True,0.6863652618135376,0.7175651755651755,0.6504065040650406,26,0,246,resnet_gru,rgb,128.0,16.0,0.0001,42.0,25.0,5636.4,2026-07-16T20:03:37.921429
038_res160_smoke,r3d_res160,protocol_v1,2-fold,dev,True,0.6392717086834734,0.6799999999999999,0.6818181818181818,2,0,22,r3d_18,rgb,160.0,16.0,0.0001,42.0,25.0,786.9,2026-07-16T20:20:44.936096
039_res160,r3d_res160,protocol_v1,LOSO 26,dev,True,0.6657299340464033,0.680248556998557,0.6341463414634146,26,0,246,r3d_18,rgb,160.0,16.0,0.0001,42.0,25.0,9920.9,2026-07-16T23:05:04.286735
040_snapshot_qsmoke,r3d_snapshot,protocol_v1,2-fold,dev,True,0.6321303258145363,0.6599999999999999,0.6818181818181818,2,0,22,r3d_18,rgb,128.0,16.0,0.0002,42.0,40.0,740.7,2026-07-16T23:18:05.826770
041_snapshot,r3d_snapshot,protocol_v1,LOSO 26,dev,True,0.6957604965221378,0.7018875661375661,0.6707317073170732,26,0,246,r3d_18,rgb,128.0,16.0,0.0002,42.0,40.0,9454.4,2026-07-17T01:55:48.008493
042_bnadapt_qsmoke,r3d_bnadapt,protocol_v1,2-fold,dev,True,0.584126984126984,0.6199999999999999,0.6363636363636364,2,0,22,r3d_18,rgb,128.0,16.0,0.0001,42.0,25.0,469.5,2026-07-17T02:03:45.540217
043_bnadapt,r3d_bnadapt,protocol_v1,LOSO 26,dev,True,0.6804904712678045,0.6979279701779701,0.6585365853658537,26,0,246,r3d_18,rgb,128.0,16.0,0.0001,42.0,25.0,6042.5,2026-07-17T03:44:35.662311
044_seqflow_qsmoke,r3d_seqflow,protocol_v1,2-fold,dev,True,0.47489177489177486,0.5733333333333333,0.5454545454545454,2,0,22,r3d_18,rgb,128.0,16.0,0.0001,42.0,25.0,472.7,2026-07-17T03:52:36.465622
045_seqflow,r3d_seqflow,protocol_v1,LOSO 26,dev,True,0.5601785949587971,0.597957671957672,0.524390243902439,26,0,246,r3d_18,rgb,128.0,16.0,0.0001,42.0,25.0,6143.2,2026-07-17T05:35:07.376128
046_erase_qsmoke,r3d_erase,protocol_v1,2-fold,dev,True,0.5669047619047619,0.62,0.5909090909090909,2,0,22,r3d_18,rgb,128.0,16.0,0.0001,42.0,25.0,473.8,2026-07-17T05:43:10.003100
047_erase,r3d_erase,protocol_v1,LOSO 26,dev,True,0.6936466444330833,0.7076625781625782,0.6707317073170732,26,0,246,r3d_18,rgb,128.0,16.0,0.0001,42.0,25.0,6140.2,2026-07-17T07:25:38.114415
048_noweight_qsmoke,r3d_noweight,protocol_v1,2-fold,dev,True,0.626984126984127,0.6599999999999999,0.6818181818181818,2,0,22,r3d_18,rgb,128.0,16.0,0.0001,42.0,25.0,469.6,2026-07-17T07:44:46.622266
049_noweight,r3d_noweight,protocol_v1,LOSO 26,dev,True,0.702658371040724,0.6996779701779701,0.6747967479674797,26,0,246,r3d_18,rgb,128.0,16.0,0.0001,42.0,25.0,6045.2,2026-07-17T09:25:39.790871
050_vivit_rgb_qsmoke,vivit_rgb,protocol_v1,2-fold,dev,True,0.2965497076023392,0.38,0.2727272727272727,2,0,22,vivit,rgb,128.0,32.0,2e-05,42.0,20.0,3987.2,2026-07-18T23:55:24.497732
051_vivit_rgb,vivit_rgb,protocol_v1,LOSO 26,dev,True,0.292150515176831,0.3094237614237615,0.35772357723577236,26,0,246,vivit,rgb,128.0,32.0,6e-05,42.0,24.0,63277.9,2026-07-19T17:45:00.735387
052_vivit_flow,vivit_flow,protocol_v1,LOSO 26,dev,True,0.4905224106410147,0.49468987493987493,0.5,26,0,246,vivit,rgb,128.0,32.0,6e-05,42.0,24.0,64195.3,2026-07-20T11:36:39.236146
053_r3d_diff,r3d_diff_onsetfree,protocol_v1,LOSO 26,dev,True,0.5897260190586128,0.6077257094757095,0.5609756097560976,26,0,246,r3d_18,diff,112.0,16.0,0.0001,42.0,25.0,5093.0,2026-07-20T13:47:10.489312
054_r3d_diff_randstart,r3d_diff_randstart,protocol_v1,LOSO 26,dev,True,0.45553665349930206,0.48562987012987013,0.44715447154471544,26,0,246,r3d_18,diff,112.0,16.0,0.0001,42.0,25.0,4894.9,2026-07-20T15:09:34.374061
055_r3d_diff_res128,r3d_diff_res128,protocol_v1,LOSO 26,dev,True,0.6012006288255102,0.5927869167869168,0.5813008130081301,26,0,246,r3d_18,diff,128.0,16.0,0.0001,42.0,25.0,6088.8,2026-07-20T16:52:15.726484
056_r3d_diff_evalshift,r3d_diff_evalshift,protocol_v1,LOSO 26,dev,True,0.5773200996405096,0.5883526936026937,0.556910569105691,26,0,246,r3d_18,diff,112.0,16.0,0.0001,42.0,25.0,4847.0,2026-07-20T18:13:52.826081
057_mc3_diff,mc3_diff_res128,protocol_v1,LOSO 26,dev,True,0.6086392667205842,0.6011593314093314,0.5934959349593496,26,0,246,mc3_18,diff,128.0,16.0,0.0001,42.0,25.0,6469.8,2026-07-20T20:16:03.660881
058_r2plus1d_diff,r2plus1d_diff_res128,protocol_v1,LOSO 26,dev,True,0.5784876171047278,0.573785113035113,0.556910569105691,26,0,246,r2plus1d_18,diff,128.0,16.0,0.0001,42.0,25.0,9047.2,2026-07-20T22:47:49.760868
059_r3d_v2_dev_smoke2,r3d_res128,protocol_v2,1-fold,dev,False,0.4931419457735247,0.576374269005848,0.5714285714285714,1,5,35,r3d_18,rgb,128.0,16.0,0.0001,42.0,25.0,346.01321172714233,2026-07-22T14:13:08.241564
060_r3d_v2_dev,r3d_res128,protocol_v2,grouped 4-fold,dev,True,0.590173805531954,0.6040476878960939,0.5527638190954773,4,21,199,r3d_18,rgb,128.0,16.0,0.0001,42.0,25.0,1708.3278150558472,2026-07-22T14:42:24.468726
061_r3d_v2_dev_p5,r3d_res128,protocol_v2,grouped 4-fold,dev,True,0.6816450314669259,0.7119666471239658,0.6822916666666666,4,21,192,r3d_18,rgb,128.0,16.0,0.0001,42.0,25.0,1687.994967699051,2026-07-22T14:55:15.876052
062_r3d_flow_comp_v2_dev_p5,r3d_flow_translation_compensation,protocol_v2,grouped 4-fold,dev,True,0.5987012987012986,0.6217130075767276,0.6041666666666666,4,21,192,r3d_18,rgb,128.0,16.0,0.0001,42.0,25.0,1973.1936721801758,2026-07-22T15:29:48.082879
063_fusion_baseline_iter40_90_10,fusion_baseline_iter40_90_10,fusion,0-fold,dev,True,0.6562231442201357,0.6849185945428694,0.6614583333333334,0,0,192,,,,,,,,,2026-07-22T15:38:22.571310
064_fusion_baseline_iter40_70_30,fusion_baseline_iter40_70_30,fusion,0-fold,dev,True,0.6507163273704264,0.6718240303338657,0.65625,0,0,192,,,,,,,,,2026-07-22T15:38:22.665309
065_fusion_baseline_iter40_80_20,fusion_baseline_iter40_80_20,fusion,0-fold,dev,True,0.6547027523431381,0.6826197439681567,0.65625,0,0,192,,,,,,,,,2026-07-22T15:38:23.819576
066_r3d_onset_apex_corrected_v2_dev_p5,r3d_onset_apex_corrected,protocol_v2,grouped 4-fold,dev,True,0.6994697497624327,0.7087905651434592,0.6927083333333334,4,21,192,r3d_18,rgb,128.0,16.0,0.0001,42.0,25.0,1525.0419571399689,2026-07-22T16:05:53.666665
067_fusion_baseline_iter43_25full_75apex,fusion_baseline_iter43_25full_75apex,fusion,0-fold,dev,True,0.7038995130029612,0.7230756055429388,0.6979166666666666,0,0,192,,,,,,,,,2026-07-22T16:07:52.740396
068_fusion_baseline_iter43_50full_50apex,fusion_baseline_iter43_50full_50apex,fusion,0-fold,dev,True,0.7104488993636281,0.7344794453467033,0.7083333333333334,0,0,192,,,,,,,,,2026-07-22T16:07:52.918394
069_fusion_baseline_iter43_75full_25apex,fusion_baseline_iter43_75full_25apex,fusion,0-fold,dev,True,0.6913064751122644,0.7154318262990842,0.6979166666666666,0,0,192,,,,,,,,,2026-07-22T16:07:53.030396
070_r3d_res160_protocol_v2_dev_p5,r3d_res160_protocol,protocol_v2,grouped 4-fold,dev,True,0.6254298285296762,0.656180210656837,0.625,4,21,192,r3d_18,rgb,160.0,16.0,0.0001,42.0,25.0,2296.443783760071,2026-07-22T16:48:13.671337
071_fusion_champion_iter44_80_20,fusion_champion_iter44_80_20,fusion,0-fold,dev,True,0.7031792587365295,0.7286378063655294,0.703125,0,0,192,,,,,,,,,2026-07-22T16:49:20.473991
072_fusion_champion_iter44_90_10,fusion_champion_iter44_90_10,fusion,0-fold,dev,True,0.7141510416944499,0.7439453006543435,0.7083333333333334,0,0,192,,,,,,,,,2026-07-22T16:49:20.478014
073_seqflow_v2_dev_p5,r3d_seqflow,protocol_v2,grouped 4-fold,dev,True,0.3684469813901644,0.42146731988705666,0.3697916666666667,4,21,192,r3d_18,rgb,128.0,16.0,0.0001,42.0,25.0,1607.1805040836334,2026-07-22T17:17:37.329993
074_fusion_champion_seqflow_95_05,fusion_champion_seqflow_95_05,fusion,0-fold,dev,True,0.7007944705822925,0.7240980594322732,0.6979166666666666,0,0,192,,,,,,,,,2026-07-22T17:18:27.850225
075_ema_v2_dev_p5,r3d_ema,protocol_v2,grouped 4-fold,dev,True,0.6725177369695642,0.7016921844920807,0.6614583333333334,4,21,192,r3d_18,rgb,128.0,16.0,0.0001,42.0,25.0,1782.1046583652496,2026-07-22T17:49:28.370904
076_fusion_champion_ema_80_20,fusion_champion_ema_80_20,fusion,0-fold,dev,True,0.7070602191965694,0.7318476949721349,0.7083333333333334,0,0,192,,,,,,,,,2026-07-22T17:50:18.010244
077_fusion_champion_ema_90_10,fusion_champion_ema_90_10,fusion,0-fold,dev,True,0.7141510416944499,0.7439453006543435,0.7083333333333334,0,0,192,,,,,,,,,2026-07-22T17:50:18.018244
078_r3d_s123_v2_dev_p5,r3d_s123,protocol_v2,grouped 4-fold,dev,True,0.6163006851789341,0.6573127326311439,0.6197916666666666,4,21,192,r3d_18,rgb,128.0,16.0,0.0001,123.0,25.0,1710.2938151359558,2026-07-22T18:20:23.981833
079_r3d_onset_apex_s123_v2_dev_p5,r3d_onset_apex_s123,protocol_v2,grouped 4-fold,dev,True,0.71193837535014,0.734421491130534,0.703125,4,21,192,r3d_18,rgb,128.0,16.0,0.0001,123.0,25.0,1608.653020620346,2026-07-22T18:48:35.439111
080_fusion_full_seed42_123_50_50,fusion_full_seed42_123_50_50,fusion,0-fold,dev,True,0.6692811839323467,0.7005062008765014,0.671875,0,0,192,,,,,,,,,2026-07-22T18:49:26.157060
081_fusion_temporal_s123_50_50,fusion_temporal_s123_50_50,fusion,0-fold,dev,True,0.7029014320903146,0.7335059605237444,0.6927083333333334,0,0,192,,,,,,,,,2026-07-22T18:49:26.251517
082_fusion_apex_seed42_123_50_50,fusion_apex_seed42_123_50_50,fusion,0-fold,dev,True,0.7356014481434964,0.7533870083719133,0.71875,0,0,192,,,,,,,,,2026-07-22T18:49:26.495316
083_fusion_champion42_plus_apexensemble_50_50,fusion_champion42_plus_apexensemble_50_50,fusion,0-fold,dev,True,0.7033841258289721,0.7302426102758666,0.6927083333333334,0,0,192,,,,,,,,,2026-07-22T18:51:56.872521
084_fusion_temporal_seed42_123_equal4,fusion_temporal_seed42_123_equal4,fusion,0-fold,dev,True,0.7269839065113184,0.7616330734378756,0.7135416666666666,0,0,192,,,,,,,,,2026-07-22T18:52:11.956834
085_r3d_s2024_v2_dev_v2_dev_p5,r3d_s2024,protocol_v2,grouped 4-fold,dev,True,0.6895054325221206,0.7034990981155895,0.6927083333333334,4,21,192,r3d_18,rgb,128.0,16.0,0.0001,2024.0,25.0,1556.087170124054,2026-07-22T19:21:31.534006
086_fusion_full_seed42_123_2024_equal,fusion_full_seed42_123_2024_equal,fusion,0-fold,dev,True,0.6902058214590183,0.7215197706989772,0.6927083333333334,0,0,192,,,,,,,,,2026-07-22T19:22:37.569214
087_r3d_onset_apex_s2024_v2_dev_p5,r3d_onset_apex_s2024,protocol_v2,grouped 4-fold,dev,True,0.7209562318310676,0.7389963924623577,0.7291666666666666,4,21,192,r3d_18,rgb,128.0,16.0,0.0001,2024.0,25.0,1508.4171035289764,2026-07-22T19:47:38.257564
088_fusion_temporal_s2024_50_50,fusion_temporal_s2024_50_50,fusion,0-fold,dev,True,0.7237938425823123,0.7364760579452311,0.7291666666666666,0,0,192,,,,,,,,,2026-07-22T19:48:48.862214
089_fusion_apex_seed42_123_2024_equal,fusion_apex_seed42_123_2024_equal,fusion,0-fold,dev,True,0.7208941413012142,0.7344552977566327,0.71875,0,0,192,,,,,,,,,2026-07-22T19:49:04.236265
090_fusion_temporal_seed42_123_2024_equal6,fusion_temporal_seed42_123_2024_equal6,fusion,0-fold,dev,True,0.7120320290048362,0.7308265888552695,0.7135416666666666,0,0,192,,,,,,,,,2026-07-22T19:49:18.183772
091_r3d_auto_apex_s42_v2_dev_p5,r3d_auto_apex_s42,protocol_v2,grouped 4-fold,dev,True,0.6706903407300457,0.7008422454787848,0.671875,4,21,192,r3d_18,rgb,128.0,16.0,0.0001,42.0,25.0,1824.1499943733215,2026-07-22T20:20:38.077791
092_r3d_oracle_apex_reuse_s42_v2_dev_p5,r3d_oracle_apex_reuse_s42,protocol_v2,grouped 4-fold,dev,True,0.6994697497624327,0.7087905651434592,0.6927083333333334,4,21,192,r3d_18,rgb,128.0,16.0,0.0001,42.0,25.0,62.95506548881531,2026-07-23T14:25:18.603470
093_r3d_auto_apex_cap65_s42_v2_dev_p5,r3d_auto_apex_cap65_s42,protocol_v2,grouped 4-fold,dev,True,0.6574303105881857,0.689073047021535,0.65625,4,21,192,r3d_18,rgb,128.0,16.0,0.0001,42.0,25.0,123.26589775085449,2026-07-23T14:27:49.921103
094_r3d_multihyp_apex_s42_v2_dev_p5,r3d_multihyp_apex_s42,protocol_v2,grouped 4-fold,dev,True,0.6654276582378386,0.7070371131612229,0.65625,4,21,192,r3d_18,rgb,128.0,16.0,0.0001,42.0,25.0,80.85729026794434,2026-07-23T14:29:18.077522
095_r3d_multihyp15_apex_s42_v2_dev_p5,r3d_multihyp15_apex_s42,protocol_v2,grouped 4-fold,dev,True,0.6781384357162322,0.7090610181522489,0.671875,4,21,192,r3d_18,rgb,128.0,16.0,0.0001,42.0,25.0,194.64071679115295,2026-07-23T14:32:45.396301
096_fusion_deployable_50full_50auto47,fusion_deployable_50full_50auto47,fusion,0-fold,dev,True,0.7020969197325786,0.7418392938570777,0.6979166666666666,0,0,192,,,,,,,,,2026-07-23T14:33:05.574996
097_fusion_deployable_50full_50multihyp48b,fusion_deployable_50full_50multihyp48b,fusion,0-fold,dev,True,0.6789249196611159,0.713600765085505,0.6770833333333334,0,0,192,,,,,,,,,2026-07-23T14:33:09.057664
098_r3d_auto_apex_onsetlate10_s42_v2_dev_p5,r3d_auto_apex_onsetlate10_s42,protocol_v2,grouped 4-fold,dev,True,0.6837403864361502,0.7138267416028159,0.6822916666666666,4,21,192,r3d_18,rgb,128.0,16.0,0.0001,42.0,25.0,159.36162972450256,2026-07-23T18:02:10.778878
099_r3d_auto_apex_onsetlate20_s42_v2_dev_p5,r3d_auto_apex_onsetlate20_s42,protocol_v2,grouped 4-fold,dev,True,0.6680017723550206,0.6962445443293596,0.6614583333333334,4,21,192,r3d_18,rgb,128.0,16.0,0.0001,42.0,25.0,162.97255682945251,2026-07-23T18:05:04.590942
100_r3d_auto_apex_onsetlate30_s42_v2_dev_p5,r3d_auto_apex_onsetlate30_s42,protocol_v2,grouped 4-fold,dev,True,0.675687374209946,0.7093925701796355,0.6614583333333334,4,21,192,r3d_18,rgb,128.0,16.0,0.0001,42.0,25.0,160.57883715629578,2026-07-23T18:07:55.911383
101_r3d_v2_dev_p5ck,r3d_res128,protocol_v2,grouped 4-fold,dev,True,0.6816450314669259,0.7119666471239658,0.6822916666666666,4,21,192,r3d_18,rgb,128.0,16.0,0.0001,42.0,25.0,857.6866524219513,2026-07-23T18:10:55.451611
102_r3d_hq_stabilized_v2_dev_p5,r3d_hq_tvl1_ecc,protocol_v2,grouped 4-fold,dev,True,0.5905963105963106,0.6024535636227226,0.6197916666666666,4,21,192,r3d_18,rgb,128.0,16.0,0.0001,42.0,25.0,913.5889444351196,2026-07-23T18:26:20.966396
103_r3d_face_roi_s42_v2_dev_p5,r3d_face_roi_s42,protocol_v2,grouped 4-fold,dev,True,0.637031206014117,0.6566800657712966,0.640625,4,21,192,r3d_18,rgb,128.0,16.0,0.0001,42.0,25.0,1086.1929812431335,2026-07-23T18:44:38.161931
104_r3d_auto_apex_smooth2_s42_v2_dev_p5,r3d_auto_apex_smooth2_s42,protocol_v2,grouped 4-fold,dev,True,0.6625879887498859,0.6913184359549753,0.6666666666666666,4,21,192,r3d_18,rgb,128.0,16.0,0.0001,42.0,25.0,151.1108615398407,2026-07-23T18:44:58.141913
105_r3d_auto_apex_smooth4_s42_v2_dev_p5,r3d_auto_apex_smooth4_s42,protocol_v2,grouped 4-fold,dev,True,0.6622424887049323,0.6889661237389904,0.6666666666666666,4,21,192,r3d_18,rgb,128.0,16.0,0.0001,42.0,25.0,148.5921504497528,2026-07-23T18:47:36.527489
106_r3d_auto_apex_smooth6_s42_v2_dev_p5,r3d_auto_apex_smooth6_s42,protocol_v2,grouped 4-fold,dev,True,0.6687355887191592,0.693617286529688,0.671875,4,21,192,r3d_18,rgb,128.0,16.0,0.0001,42.0,25.0,146.58002305030823,2026-07-23T18:50:12.576587
107_r3d_auto_apex_smooth10_s42_v2_dev_p5,r3d_auto_apex_smooth10_s42,protocol_v2,grouped 4-fold,dev,True,0.6697154632204019,0.6996517692883087,0.671875,4,21,192,r3d_18,rgb,128.0,16.0,0.0001,42.0,25.0,148.39195036888123,2026-07-23T18:52:50.607383
108_r3d_auto_apex_s123_v2_dev_p5,r3d_auto_apex_s123,protocol_v2,grouped 4-fold,dev,True,0.7082124669940586,0.7524421637139218,0.703125,4,21,192,r3d_18,rgb,128.0,16.0,0.0001,123.0,25.0,960.0623269081116,2026-07-23T19:00:49.128280
109_r3d_auto_apex_s2024_v2_dev_p5,r3d_auto_apex_s2024,protocol_v2,grouped 4-fold,dev,True,0.6924652067393897,0.7180394290835821,0.7083333333333334,4,21,192,r3d_18,rgb,128.0,16.0,0.0001,2024.0,25.0,910.1081981658936,2026-07-23T19:16:09.963624
110_r3d_auto_apex_s7_v2_dev_p5,r3d_auto_apex_s7,protocol_v2,grouped 4-fold,dev,True,0.6760649775896705,0.7090641629546767,0.6770833333333334,4,21,192,r3d_18,rgb,128.0,16.0,0.0001,7.0,25.0,993.1823899745941,2026-07-23T19:40:29.679837
111_r3d_auto_apex_s2025_v2_dev_p5,r3d_auto_apex_s2025,protocol_v2,grouped 4-fold,dev,True,0.660968910379089,0.7010898986699732,0.6666666666666666,4,21,192,r3d_18,rgb,128.0,16.0,0.0001,2025.0,25.0,853.2911760807037,2026-07-23T19:54:51.751177
112_g1_user_s42_v2_dev_p5,g1_user_s42,protocol_v2,grouped 4-fold,dev,True,0.6255456719273075,0.6513495484400657,0.6530612244897959,4,21,196,r3d_18,rgb,128.0,16.0,0.0001,42.0,25.0,775.8477773666382,2026-07-23T21:44:16.774279
113_g1_user_s123_v2_dev_p5,g1_user_s123,protocol_v2,grouped 4-fold,dev,True,0.5528571160133788,0.5896513238916257,0.5663265306122449,4,21,196,r3d_18,rgb,128.0,16.0,0.0001,123.0,25.0,761.5778408050537,2026-07-23T21:57:07.546029
114_g1_user_s2024_v2_dev_p5,g1_user_s2024,protocol_v2,grouped 4-fold,dev,True,0.5778507687598596,0.60627052545156,0.6071428571428571,4,21,196,r3d_18,rgb,128.0,16.0,0.0001,2024.0,25.0,744.5778074264526,2026-07-23T22:09:41.124720
115_g2_disgust_others_s42_v2_dev_p5,g2_disgust_others_s42,protocol_v2,grouped 4-fold,dev,True,0.7387688268220901,0.7750888817065288,0.8177083333333334,4,21,192,r3d_18,rgb,128.0,16.0,0.0001,42.0,25.0,732.2235898971558,2026-07-23T22:22:01.941667
116_g2_disgust_others_s123_v2_dev_p5,g2_disgust_others_s123,protocol_v2,grouped 4-fold,dev,True,0.7495472643298731,0.7732425662572722,0.828125,4,21,192,r3d_18,rgb,128.0,16.0,0.0001,123.0,25.0,730.6645832061768,2026-07-23T22:34:21.065366
117_g2_disgust_others_s2024_v2_dev_p5,g2_disgust_others_s2024,protocol_v2,grouped 4-fold,dev,True,0.6933068834659262,0.7445499353587589,0.78125,4,21,192,r3d_18,rgb,128.0,16.0,0.0001,2024.0,25.0,827.3820087909698,2026-07-23T22:48:17.862491
118_g3_disgust_others_plus_s42_v2_dev_p5,g3_disgust_others_plus_s42,protocol_v2,grouped 4-fold,dev,True,0.7129119847530804,0.7529532967032967,0.7857142857142857,4,21,196,r3d_18,rgb,128.0,16.0,0.0001,42.0,25.0,861.1337468624115,2026-07-23T23:02:49.570355
119_g3_disgust_others_plus_s123_v2_dev_p5,g3_disgust_others_plus_s123,protocol_v2,grouped 4-fold,dev,True,0.6769472792781143,0.7019230769230769,0.7602040816326531,4,21,196,r3d_18,rgb,128.0,16.0,0.0001,123.0,25.0,849.9919333457947,2026-07-23T23:17:09.795741
120_g3_disgust_others_plus_s2024_v2_dev_p5,g3_disgust_others_plus_s2024,protocol_v2,grouped 4-fold,dev,True,0.696481414939913,0.7456959706959707,0.7704081632653061,4,21,196,r3d_18,rgb,128.0,16.0,0.0001,2024.0,25.0,857.9711725711823,2026-07-23T23:31:37.441882
121_r3d_earlystop_s42_v2_dev_p5,r3d_earlystop_s42,protocol_v2,grouped 4-fold,dev,True,0.575458873492608,0.5803278007273479,0.5885416666666666,4,21,192,r3d_18,rgb,128.0,16.0,0.0001,42.0,60.0,689.8876075744629,2026-08-03T10:33:56.565409
122_r3d_llrd_s42_v2_dev_p5,r3d_llrd_s42,protocol_v2,grouped 4-fold,dev,True,0.6831696116601778,0.7131284831494746,0.6822916666666666,4,21,192,r3d_18,rgb,128.0,16.0,0.0001,42.0,25.0,860.9291217327118,2026-08-03T10:48:27.514688
123_r3d_unfreeze_s42_v2_dev_p5,r3d_unfreeze_s42,protocol_v2,grouped 4-fold,dev,True,0.6232809640692288,0.636524072339441,0.625,4,21,192,r3d_18,rgb,128.0,16.0,0.0001,42.0,25.0,833.388614654541,2026-08-03T11:02:30.560593
124_r3d_ep60_s42_v2_dev_p5,r3d_ep60_s42,protocol_v2,grouped 4-fold,dev,True,0.6644358080943447,0.6837326109272899,0.671875,4,21,192,r3d_18,rgb,128.0,16.0,0.0001,42.0,60.0,1821.6035678386688,2026-08-03T11:33:02.946748
125_r3d_es_llrd_s42_v2_dev_p5,r3d_es_llrd_s42,protocol_v2,grouped 4-fold,dev,True,0.6193730606608618,0.6323758533084446,0.625,4,21,192,r3d_18,rgb,128.0,16.0,0.0001,42.0,60.0,653.9959886074066,2026-08-03T11:44:08.910141
126_r3d_es_bigcheck_s42_v2_dev_p5,r3d_es_bigcheck_s42,protocol_v2,grouped 4-fold,dev,True,0.5664441516615428,0.5972083701162904,0.59375,4,21,192,r3d_18,rgb,128.0,16.0,0.0001,42.0,60.0,601.9996838569641,2026-08-03T11:54:33.132629
127_r3d_es_loss_s42_v2_dev_p5,r3d_es_loss_s42,protocol_v2,grouped 4-fold,dev,True,0.6137073839049267,0.6264189797811667,0.609375,4,21,192,r3d_18,rgb,128.0,16.0,0.0001,42.0,60.0,700.5389230251312,2026-08-03T12:06:23.484994
128_r3d_es_leaky_diag_s42_v2_dev_p5,r3d_es_leaky_diag_s42,protocol_v2,grouped 4-fold,dev,True,0.6742283747161796,0.7245002571999128,0.6614583333333334,4,21,192,r3d_18,rgb,128.0,16.0,0.0001,42.0,60.0,809.5592339038849,2026-08-03T12:20:04.422976
129_r3d_es_leaky_llrd_diag_s42_v2_dev_p5,r3d_es_leaky_llrd_diag_s42,protocol_v2,grouped 4-fold,dev,True,0.6694016498964952,0.6988389501750982,0.6666666666666666,4,21,192,r3d_18,rgb,128.0,16.0,0.0001,42.0,60.0,749.4009735584259,2026-08-03T12:32:43.707323
130_r3d_faceparse_full_s42_v2_dev_p5,r3d_faceparse_full_s42,protocol_v2,grouped 4-fold,dev,True,0.6637233730701583,0.6944717181178806,0.671875,4,21,192,r3d_18,rgb,128.0,16.0,0.0001,42.0,25.0,792.7912485599518,2026-08-03T12:46:33.763290
131_r3d_faceparse_autoapex_s42_v2_dev_p5,r3d_faceparse_autoapex_s42,protocol_v2,grouped 4-fold,dev,True,0.6698094068487055,0.6934244427522411,0.6770833333333334,4,21,192,r3d_18,rgb,128.0,16.0,0.0001,42.0,25.0,1001.0661923885345,2026-08-03T13:03:25.266412
132_r3d_es_refit_s42_v2_dev_p5,r3d_es_refit_s42,protocol_v2,grouped 4-fold,dev,True,0.6509107637742365,0.6851127860927851,0.6614583333333334,4,21,192,r3d_18,rgb,128.0,16.0,0.0001,42.0,60.0,1682.4266991615295,2026-08-03T13:32:09.684210
133_r3d_es_refit_uf1_s42_v2_dev_p5,r3d_es_refit_uf1_s42,protocol_v2,grouped 4-fold,dev,True,0.6518162370433405,0.6920276450596277,0.6510416666666666,4,21,192,r3d_18,rgb,128.0,16.0,0.0001,42.0,60.0,1114.1413390636444,2026-08-03T13:50:54.927196
134_r3d_es_refit_llrd_s42_v2_dev_p5,r3d_es_refit_llrd_s42,protocol_v2,grouped 4-fold,dev,True,0.6212074280483266,0.6644752447891746,0.6041666666666666,4,21,192,r3d_18,rgb,128.0,16.0,0.0001,42.0,60.0,1023.5442140102386,2026-08-03T14:08:09.451088
135_r3d_lastk5_s42_v2_dev_p5,r3d_lastk5_s42,protocol_v2,grouped 4-fold,dev,True,0.6591508876342662,0.6872709067588543,0.6614583333333334,4,21,192,r3d_18,rgb,128.0,16.0,0.0001,42.0,25.0,856.2398676872253,2026-08-03T14:22:51.396007
136_r3d_lastk8_s42_v2_dev_p5,r3d_lastk8_s42,protocol_v2,grouped 4-fold,dev,True,0.6702360817477097,0.7064534153677509,0.6614583333333334,4,21,192,r3d_18,rgb,128.0,16.0,0.0001,42.0,25.0,977.895759344101,2026-08-03T14:39:20.663996
137_r3d_lastk8_ep40_s42_v2_dev_p5,r3d_lastk8_ep40_s42,protocol_v2,grouped 4-fold,dev,True,0.6982901746746798,0.7214663090577049,0.6979166666666666,4,21,192,r3d_18,rgb,128.0,16.0,0.0001,42.0,40.0,1362.3259773254395,2026-08-03T15:02:13.041392
138_r3d_snapshot3_s42_v2_dev_p5,r3d_snapshot3_s42,protocol_v2,grouped 4-fold,dev,True,0.6651160700240455,0.693719717237336,0.6510416666666666,4,21,192,r3d_18,rgb,128.0,16.0,0.0002,42.0,39.0,1193.5208196640015,2026-08-03T15:22:18.213436
139_r3d_au02_full_s42_v2_dev_p5,r3d_au02_full_s42,protocol_v2,grouped 4-fold,dev,True,0.6893814245496899,0.7193857976229785,0.6822916666666666,4,21,192,r3d_18,rgb,128.0,16.0,0.0001,42.0,25.0,773.8435928821564,2026-08-03T15:35:24.131582
140_r3d_au05_full_s42_v2_dev_p5,r3d_au05_full_s42,protocol_v2,grouped 4-fold,dev,True,0.6689959969706806,0.6957404774259343,0.6614583333333334,4,21,192,r3d_18,rgb,128.0,16.0,0.0001,42.0,25.0,754.346962928772,2026-08-03T15:48:08.493243
141_r3d_au10_full_s42_v2_dev_p5,r3d_au10_full_s42,protocol_v2,grouped 4-fold,dev,True,0.6690147787478666,0.6993933339173681,0.65625,4,21,192,r3d_18,rgb,128.0,16.0,0.0001,42.0,25.0,800.4769854545593,2026-08-03T16:01:38.588684
142_r3d_au05_autoapex_s42_v2_dev_p5,r3d_au05_autoapex_s42,protocol_v2,grouped 4-fold,dev,True,0.6713788711642061,0.7068187740212364,0.6666666666666666,4,21,192,r3d_18,rgb,128.0,16.0,0.0001,42.0,25.0,975.3362250328064,2026-08-03T16:18:04.451003
143_r3d_lastk8_ep40_s123_v2_dev_p5,r3d_lastk8_ep40_s123,protocol_v2,grouped 4-fold,dev,True,0.6483453940505901,0.6734046866541323,0.65625,4,21,192,r3d_18,rgb,128.0,16.0,0.0001,123.0,40.0,1344.5496351718903,2026-08-03T16:40:40.650416
144_r3d_lastk8_ep40_s2024_v2_dev_p5,r3d_lastk8_ep40_s2024,protocol_v2,grouped 4-fold,dev,True,0.7088200453367033,0.7176772152325245,0.7083333333333334,4,21,192,r3d_18,rgb,128.0,16.0,0.0001,2024.0,40.0,1360.92831492424,2026-08-03T17:03:31.765680
145_r3d_lastk8_ep40_autoapex_s42_v2_dev_p5,r3d_lastk8_ep40_autoapex_s42,protocol_v2,grouped 4-fold,dev,True,0.7059807389672751,0.729804134965935,0.7135416666666666,4,21,192,r3d_18,rgb,128.0,16.0,0.0001,42.0,40.0,1665.8578419685364,2026-08-03T17:31:27.489666
146_r3d_v2_dev_loso_dev_p5,r3d_res128,protocol_v2,LOSO 21,dev,True,0.710941696764056,0.734837166622864,0.6979166666666666,21,21,192,r3d_18,rgb,128.0,16.0,0.0001,42.0,25.0,4065.842339038849,2026-08-03T18:39:23.040943
147_r3d_auto_apex_s42_v2_dev_loso_dev_p5,r3d_auto_apex_s42,protocol_v2,LOSO 21,dev,True,0.6816517890424789,0.7142945309639492,0.6666666666666666,21,21,192,r3d_18,rgb,128.0,16.0,0.0001,42.0,25.0,4302.7982494831085,2026-08-03T19:51:15.839266
148_r3d_lastk8_ep40_s42_v2_dev_loso_dev_p5,r3d_lastk8_ep40_s42,protocol_v2,LOSO 21,dev,True,0.7075297393369683,0.7336466904323877,0.6979166666666666,21,21,192,r3d_18,rgb,128.0,16.0,0.0001,42.0,40.0,6605.3715035915375,2026-08-03T21:41:31.152740
149_r3d_au05_full_s42_v2_dev_loso_dev_p5,r3d_au05_full_s42,protocol_v2,LOSO 21,dev,True,0.6742933663940744,0.7125413597676441,0.65625,21,21,192,r3d_18,rgb,128.0,16.0,0.0001,42.0,25.0,4285.972697496414,2026-08-03T22:53:08.711285
150_r3d_es_refit_s42_v2_dev_loso_dev_p5,r3d_es_refit_s42,protocol_v2,LOSO 21,dev,True,0.6929939540066122,0.7374064702063665,0.6822916666666666,21,21,192,r3d_18,rgb,128.0,16.0,0.0001,42.0,60.0,5587.740950584412,2026-08-04T00:26:27.582983
151_r3d_llrd_s42_v2_dev_loso_dev_p5,r3d_llrd_s42,protocol_v2,LOSO 21,dev,True,0.7168796535570581,0.739155429613706,0.7083333333333334,21,21,192,r3d_18,rgb,128.0,16.0,0.0001,42.0,25.0,4282.145217895508,2026-08-04T01:38:00.189145
152_r3d_ep60_s42_v2_dev_loso_dev_p5,r3d_ep60_s42,protocol_v2,LOSO 21,dev,True,0.6874202397344349,0.7049983265158509,0.6979166666666666,21,21,192,r3d_18,rgb,128.0,16.0,0.0001,42.0,60.0,10092.311951875687,2026-08-04T04:26:22.929444
153_r3d_faceparse_full_s42_v2_dev_loso_dev_p5,r3d_faceparse_full_s42,protocol_v2,LOSO 21,dev,True,0.7136094714256039,0.7336173763811858,0.6927083333333334,21,21,192,r3d_18,rgb,128.0,16.0,0.0001,42.0,25.0,4259.26394534111,2026-08-04T05:37:32.625917
154_resnetgru_full_s42_v2_dev_p5,resnetgru_full_s42,protocol_v2,grouped 4-fold,dev,True,0.5969703340163036,0.6317657054802674,0.6041666666666666,4,21,192,resnet_gru,rgb,128.0,16.0,0.0001,42.0,25.0,625.3482270240784,2026-08-04T05:48:57.077626
155_resnetgru_autoapex_s42_v2_dev_p5,resnetgru_autoapex_s42,protocol_v2,grouped 4-fold,dev,True,0.6656143661145761,0.6986534629890448,0.6614583333333334,4,21,192,resnet_gru,rgb,128.0,16.0,0.0001,42.0,25.0,755.1289558410645,2026-08-04T06:01:41.880082
156_r3d_au01_full_s42_v2_dev_p5,r3d_au01_full_s42,protocol_v2,grouped 4-fold,dev,True,0.6682454072838855,0.6948294393940415,0.6614583333333334,4,21,192,r3d_18,rgb,128.0,16.0,0.0001,42.0,25.0,809.4254105091095,2026-08-04T06:15:21.184026
157_r3d_au02_autoapex_s42_v2_dev_p5,r3d_au02_autoapex_s42,protocol_v2,grouped 4-fold,dev,True,0.6594947093677053,0.6985389023291755,0.65625,4,21,192,r3d_18,rgb,128.0,16.0,0.0001,42.0,25.0,968.1014909744263,2026-08-04T06:31:39.396395
158_r3d_au02_full_s42_v2_dev_loso_dev_p5,r3d_au02_full_s42,protocol_v2,LOSO 21,dev,True,0.667144038756942,0.6971237973938573,0.65625,21,21,192,r3d_18,rgb,128.0,16.0,0.0001,42.0,25.0,4269.901205539703,2026-08-04T07:42:59.331238
159_mc3_full_s42_v2_dev_loso_dev_p5,mc3_full_s42,protocol_v2,LOSO 21,dev,True,0.6431075992967197,0.6533111400133429,0.65625,21,21,192,mc3_18,rgb,128.0,16.0,0.0001,42.0,25.0,4728.807849645615,2026-08-04T09:02:50.416094
160_r2plus1d_full_s42_v2_dev_loso_dev_p5,r2plus1d_full_s42,protocol_v2,LOSO 21,dev,True,0.7058623161000845,0.7323409796958078,0.6875,21,21,192,r2plus1d_18,rgb,128.0,16.0,0.0001,42.0,25.0,7687.5630893707275,2026-08-04T11:11:15.087805
161_resnetgru_autoapex_s42_v2_dev_loso_dev_p5,resnetgru_autoapex_s42,protocol_v2,LOSO 21,dev,True,0.6578790150379356,0.6882720770746149,0.6510416666666666,21,21,192,resnet_gru,rgb,128.0,16.0,0.0001,42.0,25.0,3536.7873260974884,2026-08-04T12:10:25.105120
162_resnetgru_full_s42_v2_dev_loso_dev_p5,resnetgru_full_s42,protocol_v2,LOSO 21,dev,True,0.6128873280843263,0.66027468726063,0.6041666666666666,21,21,192,resnet_gru,rgb,128.0,16.0,0.0001,42.0,25.0,3087.6052396297455,2026-08-04T13:02:04.491637
163_r3d_regionattn_full_s42_v2_dev_loso_dev_p5,r3d_regionattn_full_s42,protocol_v2,LOSO 21,dev,True,0.7283095766022595,0.7439746147055455,0.7135416666666666,21,21,192,r3d_18,rgb,128.0,16.0,0.0001,42.0,25.0,4462.813754320145,2026-08-04T14:16:57.087591
164_r3d_regionattn_apex_s42_v2_dev_loso_dev_p5,r3d_regionattn_apex_s42,protocol_v2,LOSO 21,dev,True,0.6667025032129719,0.703608885414631,0.6614583333333334,21,21,192,r3d_18,rgb,128.0,16.0,0.0001,42.0,25.0,4708.358976125717,2026-08-04T15:35:36.759292
165_r3d_regionattn_dyn_s42_v2_dev_loso_dev_p5,r3d_regionattn_dyn_s42,protocol_v2,LOSO 21,dev,True,0.6757507517741193,0.7099141019679724,0.6666666666666666,21,21,192,r3d_18,rgb,128.0,16.0,0.0001,42.0,25.0,4575.6382167339325,2026-08-04T16:52:03.357357
166_r3d_nocheek_full_s42_v2_dev_loso_dev_p5,r3d_nocheek_full_s42,protocol_v2,LOSO 21,dev,True,0.6457848523070402,0.6666468431799343,0.6354166666666666,21,21,192,r3d_18,rgb,128.0,16.0,0.0001,42.0,25.0,4302.0979862213135,2026-08-04T18:03:56.873010
167_r3d_auroi_full_s42_v2_dev_loso_dev_p5,r3d_auroi_full_s42,protocol_v2,LOSO 21,dev,True,0.6479060748371459,0.6844994934621804,0.6354166666666666,21,21,192,r3d_18,rgb,128.0,16.0,0.0001,42.0,25.0,4273.949744939804,2026-08-04T19:15:21.664665
168_r3d_auroi_apex_s42_v2_dev_loso_dev_p5,r3d_auroi_apex_s42,protocol_v2,LOSO 21,dev,True,0.6351127850536601,0.6647088586838104,0.625,21,21,192,r3d_18,rgb,128.0,16.0,0.0001,42.0,25.0,4401.2565631866455,2026-08-04T20:28:53.357283
169_r3d_focus_region_full_s42_v2_dev_loso_dev_p5,r3d_focus_region_full_s42,protocol_v2,LOSO 21,dev,True,0.6393982234160364,0.6592538619296957,0.6354166666666666,21,21,192,r3d_18,rgb,128.0,16.0,0.0001,42.0,25.0,4871.081408023834,2026-08-04T21:50:15.670034
170_r3d_focus_energy_full_s42_v2_dev_loso_dev_p5,r3d_focus_energy_full_s42,protocol_v2,LOSO 21,dev,True,0.6849959253573712,0.7057931753294742,0.6614583333333334,21,21,192,r3d_18,rgb,128.0,16.0,0.0001,42.0,25.0,4821.8893122673035,2026-08-04T23:10:47.927714
171_r3d_focus_region_apex_s42_v2_dev_loso_dev_p5,r3d_focus_region_apex_s42,protocol_v2,LOSO 21,dev,True,0.6642492504659265,0.6960796668306457,0.6666666666666666,21,21,192,r3d_18,rgb,128.0,16.0,0.0001,42.0,25.0,4985.137880086899,2026-08-05T00:34:04.478281
172_r3d_focus_es_full_s42_v2_dev_loso_dev_p5,r3d_focus_es_full_s42,protocol_v2,LOSO 21,dev,True,0.6198017453791478,0.6657802816395202,0.609375,21,21,192,r3d_18,rgb,128.0,16.0,0.0001,42.0,60.0,6898.408239126205,2026-08-05T02:29:13.670743
173_r3d_focus_es_apex_s42_v2_dev_loso_dev_p5,r3d_focus_es_apex_s42,protocol_v2,LOSO 21,dev,True,0.6466330350155768,0.6736248228240775,0.6458333333333334,21,21,192,r3d_18,rgb,128.0,16.0,0.0001,42.0,60.0,8186.827583789825,2026-08-05T04:45:51.139527
174_r3d_regionattn_s123_v2_dev_loso_dev_p5,r3d_regionattn_s123,protocol_v2,LOSO 21,dev,True,0.6864665802139592,0.7242004901399213,0.6770833333333334,21,21,192,r3d_18,rgb,128.0,16.0,0.0001,123.0,25.0,4486.184375524521,2026-08-05T06:02:21.147288
175_r3d_regionattn_s2024_v2_dev_loso_dev_p5,r3d_regionattn_s2024,protocol_v2,LOSO 21,dev,True,0.6862440723771183,0.7007601436725452,0.6770833333333334,21,21,192,r3d_18,rgb,128.0,16.0,0.0001,2024.0,25.0,4458.055017709732,2026-08-05T07:16:49.523190
176_r3d_regionattn_s7_v2_dev_loso_dev_p5,r3d_regionattn_s7,protocol_v2,LOSO 21,dev,True,0.6952654101894702,0.7116930493127482,0.6979166666666666,21,21,192,r3d_18,rgb,128.0,16.0,0.0001,7.0,25.0,4487.966413497925,2026-08-05T08:31:47.924643
177_r3d_s123_loso_v2_dev_loso_dev_p5,r3d_s123_loso,protocol_v2,LOSO 21,dev,True,0.6779573939951017,0.7126559204275134,0.6614583333333334,21,21,192,r3d_18,rgb,128.0,16.0,0.0001,123.0,25.0,4091.369703054428,2026-08-05T09:41:50.055666
178_r3d_s2024_loso_v2_dev_loso_dev_p5,r3d_s2024_loso,protocol_v2,LOSO 21,dev,True,0.6853014144605929,0.7222090440025248,0.671875,21,21,192,r3d_18,rgb,128.0,16.0,0.0001,2024.0,25.0,4075.3819608688354,2026-08-05T10:49:55.423105
179_r3d_s7_loso_v2_dev_loso_dev_p5,r3d_s7_loso,protocol_v2,LOSO 21,dev,True,0.6964743589743589,0.7214631642552771,0.6927083333333334,21,21,192,r3d_18,rgb,128.0,16.0,0.0001,7.0,25.0,4048.2658677101135,2026-08-05T11:57:34.115941
180_r3d_v2_dev_loso_all_p5,r3d_res128,protocol_v2,LOSO 26,dev,True,0.6901841948900772,0.6974529822029822,0.6707317073170732,26,26,246,r3d_18,rgb,128.0,16.0,0.0001,42.0,25.0,6348.0686202049255,2026-08-05T22:39:01.391611
181_r3d_regionattn_full_s42_v2_dev_loso_all_p5,r3d_regionattn_full_s42,protocol_v2,LOSO 26,dev,True,0.7021927634868178,0.7208205868205868,0.6829268292682927,26,26,246,r3d_18,rgb,128.0,16.0,0.0001,42.0,25.0,6840.914512872696,2026-08-06T00:33:12.323672
182_r3d_focus_region_full_s42_v2_dev_loso_all_p5,r3d_focus_region_full_s42,protocol_v2,LOSO 26,dev,True,0.7120815289278463,0.727058201058201,0.6951219512195121,26,26,246,r3d_18,rgb,128.0,16.0,0.0001,42.0,25.0,7301.159774780273,2026-08-06T02:35:04.007162
183_r3d_focus_es_full_s42_v2_dev_loso_all_p5,r3d_focus_es_full_s42,protocol_v2,LOSO 26,dev,True,0.6508425904614541,0.6685715488215489,0.6300813008130082,26,26,246,r3d_18,rgb,128.0,16.0,0.0001,42.0,60.0,11932.435715436935,2026-08-06T05:54:06.276085
184_r3d_auto_apex_s42_v2_dev_loso_all_p5,r3d_auto_apex_s42,protocol_v2,LOSO 26,dev,True,0.7098256206452928,0.7413265993265993,0.6788617886178862,26,26,246,r3d_18,rgb,128.0,16.0,0.0001,42.0,25.0,6687.8681354522705,2026-08-06T07:45:44.005462
185_r3d_lastk8_ep40_s42_v2_dev_loso_all_p5,r3d_lastk8_ep40_s42,protocol_v2,LOSO 26,dev,True,0.6889015707779534,0.7010217652717653,0.6666666666666666,26,26,246,r3d_18,rgb,128.0,16.0,0.0001,42.0,40.0,10517.354226827621,2026-08-06T10:41:11.284674
186_r3d_llrd_s42_v2_dev_loso_all_p5,r3d_llrd_s42,protocol_v2,LOSO 26,dev,True,0.6995022287653867,0.7192035834535835,0.6869918699186992,26,26,246,r3d_18,rgb,128.0,16.0,0.0001,42.0,25.0,6394.263589143753,2026-08-06T12:27:56.644187
187_r3d_faceparse_full_s42_v2_dev_loso_all_p5,r3d_faceparse_full_s42,protocol_v2,LOSO 26,dev,True,0.6824209727673176,0.7002521645021644,0.6666666666666666,26,26,246,r3d_18,rgb,128.0,16.0,0.0001,42.0,25.0,6425.772470235825,2026-08-06T14:15:12.134647
188_r3d_au05_full_s42_v2_dev_loso_all_p5,r3d_au05_full_s42,protocol_v2,LOSO 26,dev,True,0.721124977001559,0.73775481000481,0.6991869918699187,26,26,246,r3d_18,rgb,128.0,16.0,0.0001,42.0,25.0,6449.750149488449,2026-08-06T16:02:51.304383
189_r3d_es_refit_s42_v2_dev_loso_all_p5,r3d_es_refit_s42,protocol_v2,LOSO 26,dev,True,0.6755503392062143,0.7017883597883599,0.6504065040650406,26,26,246,r3d_18,rgb,128.0,16.0,0.0001,42.0,60.0,8313.81116938591,2026-08-06T18:21:34.508516
190_r2plus1d_full_s42_v2_dev_loso_all_p5,r2plus1d_full_s42,protocol_v2,LOSO 26,dev,True,0.6943036113073032,0.701126984126984,0.6707317073170732,26,26,246,r2plus1d_18,rgb,128.0,16.0,0.0001,42.0,25.0,8933.515458106995,2026-08-06T20:50:37.039221
191_r3d_focus_energy_full_s42_v2_dev_loso_all_p5,r3d_focus_energy_full_s42,protocol_v2,LOSO 26,dev,True,0.6583508971712441,0.6730121452621451,0.6300813008130082,26,26,246,r3d_18,rgb,128.0,16.0,0.0001,42.0,25.0,7124.523094892502,2026-08-06T22:49:30.711322
192_fusion10_loso26,fusion10_loso26,fusion,0-fold,dev,True,0.7117743746936294,0.7232469937469937,0.6951219512195121,0,0,246,,,,,,,,,2026-08-06T22:49:36.819610
193_resnetgru_nopretrain_full_s42_v2_dev_loso_all_p5,resnetgru_nopretrain_full_s42,protocol_v2,LOSO 26,dev,True,0.6612427690959393,0.7116541606541607,0.6300813008130082,26,26,246,resnet_gru,rgb,128.0,16.0,0.0001,42.0,25.0,4254.374246120453,2026-08-07T00:00:43.103109
194_resnetgru_nopretrain_apex_s42_v2_dev_loso_all_p5,resnetgru_nopretrain_apex_s42,protocol_v2,LOSO 26,dev,True,0.690351395730706,0.7247647907647907,0.6544715447154471,26,26,246,resnet_gru,rgb,128.0,16.0,0.0001,42.0,25.0,4460.563607215881,2026-08-07T01:15:12.867342
195_focus_rnn_nopretrain_full_s42_v2_dev_loso_all_p5,focus_rnn_nopretrain_full_s42,protocol_v2,LOSO 26,dev,True,0.6147733661633854,0.6497941317941318,0.5934959349593496,26,26,246,resnet_gru,rgb,128.0,16.0,0.0001,42.0,25.0,5500.7141082286835,2026-08-07T02:47:03.236574
196_focus_rnn_nopretrain_es_full_s42_v2_dev_loso_all_p5,focus_rnn_nopretrain_es_full_s42,protocol_v2,LOSO 26,dev,True,0.5678796175003862,0.6046883116883117,0.556910569105691,26,26,246,resnet_gru,rgb,128.0,16.0,0.0001,42.0,60.0,13109.235080480576,2026-08-07T06:25:41.715061
